frame_idx,x1,y1,x2,y2,confidence,class_id
0,132.85,116.04,371.68,321.9,0.8725,0
1,138.42,115.95,371.65,323.44,0.879,0
2,139.75,116.25,371.3,322.5,0.8886,0
3,142.14,117.08,371.39,324.93,0.8895,0
4,140.99,117.19,370.08,325.71,0.8868,0
5,140.27,117.4,370.26,325.35,0.8869,0
6,122.38,118.33,369.19,327.22,0.8887,0
7,115.04,118.95,365.63,327.24,0.912,0
8,115.4,119.07,365.47,328.85,0.9102,0
9,120.2,119.29,365.0,326.18,0.9019,0
10,120.14,119.65,364.53,324.56,0.9083,0
11,117.54,120.47,364.59,323.62,0.9121,0
12,115.95,120.39,364.07,327.71,0.9191,0
13,116.97,120.04,363.76,329.82,0.9175,0
14,121.05,119.71,363.49,329.11,0.9112,0
15,119.2,120.44,363.27,328.82,0.909,0
16,119.24,120.48,362.47,327.86,0.9,0
17,118.79,120.65,362.36,329.18,0.9095,0
18,120.84,120.97,361.7,329.97,0.9095,0
19,121.74,121.58,362.23,329.14,0.9129,0
20,118.64,121.69,359.96,329.37,0.9086,0
21,118.88,121.42,357.73,329.1,0.9078,0
22,119.09,120.86,356.72,329.52,0.9092,0
23,118.53,121.56,359.31,331.0,0.9134,0
24,119.48,121.66,355.89,331.68,0.9094,0
25,122.23,121.39,353.09,332.2,0.908,0
26,121.23,121.25,354.22,332.51,0.9035,0
27,121.65,121.61,355.74,330.87,0.8998,0
28,125.64,121.38,353.23,329.86,0.9044,0
29,125.98,121.75,349.73,329.52,0.8949,0
30,113.88,122.09,347.95,331.63,0.8896,0
31,111.84,122.8,346.45,330.09,0.884,0
32,113.14,123.79,344.69,330.4,0.8944,0
33,112.52,122.52,344.83,332.54,0.8904,0
34,117.89,124.26,343.82,329.01,0.8896,0
35,114.06,123.67,343.37,331.07,0.8906,0
36,109.62,123.89,342.8,333.16,0.8887,0
37,105.19,123.99,342.99,333.12,0.8921,0
38,108.13,124.17,343.19,332.17,0.8955,0
39,107.96,124.26,342.18,337.4,0.8939,0
40,104.3,124.41,341.59,337.87,0.8895,0
41,103.77,124.08,340.47,339.4,0.8909,0
42,102.89,124.19,340.21,340.47,0.8934,0
43,106.13,124.69,338.82,339.42,0.8956,0
44,107.78,124.88,337.92,338.01,0.8985,0
45,108.45,124.87,336.76,337.5,0.8956,0
46,109.34,125.24,335.65,338.1,0.9026,0
47,108.89,125.51,335.25,337.46,0.9074,0
48,106.88,125.64,335.16,338.79,0.8995,0
49,106.61,125.4,332.76,340.45,0.9023,0
50,103.85,125.58,332.24,341.27,0.8946,0
51,100.33,125.81,331.85,339.81,0.8914,0
52,99.5,126.6,331.21,340.23,0.9019,0
53,33.47,93.89,406.36,345.18,0.9148,0
54,34.28,93.46,405.83,346.52,0.9118,0
55,33.7,93.63,405.64,346.64,0.9113,0
56,34.39,93.82,405.44,347.26,0.9146,0
57,34.71,93.96,405.51,346.62,0.9134,0
58,34.45,94.31,405.87,346.73,0.9112,0
59,32.44,95.32,406.42,346.53,0.9106,0
60,32.66,94.99,406.77,346.21,0.9072,0
61,33.35,94.98,406.59,346.55,0.9069,0
62,33.51,94.98,406.53,346.65,0.9057,0
63,33.1,93.35,406.65,347.49,0.9057,0
64,32.99,93.44,406.85,348.49,0.9079,0
65,34.01,95.35,406.04,348.76,0.906,0
66,32.99,94.49,406.52,348.17,0.9033,0
67,33.12,95.4,406.04,348.31,0.9023,0
68,33.1,95.95,405.99,348.13,0.9018,0
69,33.63,96.32,406.26,348.17,0.9021,0
70,33.8,96.51,406.01,347.35,0.8997,0
71,33.97,97.67,406.15,348.02,0.8995,0
72,33.08,98.92,406.07,347.8,0.8964,0
73,33.21,101.87,406.18,347.83,0.8968,0
74,33.94,100.64,406.44,348.3,0.8973,0
75,32.92,98.95,406.86,348.73,0.898,0
76,33.42,97.88,406.68,349.7,0.8975,0
77,33.77,98.23,406.62,349.78,0.8945,0
78,33.37,101.08,406.08,349.47,0.8958,0
79,33.17,102.36,406.31,349.64,0.8982,0
80,32.7,101.78,406.23,349.3,0.897,0
81,33.6,103.5,406.03,349.06,0.8975,0
82,32.9,103.63,405.65,348.76,0.8955,0
83,32.94,104.72,405.52,349.01,0.8965,0
84,32.49,104.57,405.66,349.1,0.895,0
85,31.18,103.8,405.68,351.72,0.8988,0
86,32.19,104.04,406.25,350.79,0.9,0
87,32.45,104.09,406.47,350.79,0.8993,0
88,31.62,103.8,406.41,350.61,0.8976,0
89,31.61,104.68,406.62,349.89,0.8951,0
90,31.8,104.68,406.5,349.99,0.8963,0
91,31.59,104.74,406.52,350.27,0.8951,0
92,31.1,104.24,406.1,350.76,0.8942,0
93,32.08,105.15,406.7,349.53,0.8939,0
94,31.07,103.81,405.98,350.99,0.8954,0
95,31.29,103.4,406.09,351.01,0.894,0
96,32.96,104.4,406.83,349.77,0.8942,0
97,33.24,104.33,406.93,349.79,0.8934,0
98,33.29,104.15,407.0,349.94,0.8937,0
99,34.11,101.15,405.67,349.24,0.8926,0
100,33.91,99.94,405.72,349.36,0.8924,0
101,33.84,100.1,405.68,349.06,0.8916,0
102,34.06,100.2,405.58,348.48,0.8903,0
103,33.82,102.59,406.67,350.57,0.8927,0
104,33.59,102.51,405.25,351.27,0.8995,0
105,33.91,101.45,406.4,351.4,0.9023,0
106,34.74,99.98,406.87,351.49,0.902,0
107,34.41,98.77,407.76,351.69,0.9029,0
108,34.74,100.28,407.6,351.15,0.9033,0
109,34.62,101.27,407.96,351.33,0.9022,0
110,35.31,99.41,405.28,349.2,0.905,0
111,35.53,97.49,405.21,348.9,0.9049,0
112,35.18,96.66,405.12,348.41,0.9027,0
113,35.89,98.49,406.71,349.08,0.9019,0
114,36.14,97.63,406.46,348.95,0.9057,0
115,36.93,96.35,405.08,349.74,0.9064,0
116,37.74,95.86,405.38,349.99,0.9102,0
117,37.77,95.37,405.76,349.4,0.9116,0
118,38.11,95.19,406.3,349.35,0.9121,0
119,38.11,95.25,406.34,348.82,0.9128,0
120,37.93,94.84,406.16,348.56,0.9083,0
121,37.42,94.22,405.95,348.25,0.9092,0
122,37.39,94.54,405.79,345.6,0.9077,0
123,37.52,93.99,405.79,346.57,0.9099,0
124,36.91,93.46,406.06,345.92,0.9142,0
125,37.19,92.85,406.49,348.2,0.9141,0
126,37.3,93.65,406.5,348.11,0.9132,0
127,37.43,93.48,406.87,348.33,0.9158,0
128,36.99,92.88,406.88,347.69,0.9136,0
129,37.16,91.79,407.03,347.26,0.9124,0
130,37.41,91.52,407.77,345.4,0.9121,0
131,36.83,90.35,407.75,345.15,0.9113,0
132,37.16,89.83,407.77,343.36,0.9137,0
133,38.67,89.33,407.75,342.94,0.9137,0
134,39.04,89.37,408.28,341.73,0.9122,0
135,39.37,88.65,409.06,338.14,0.9159,0
136,39.99,88.83,409.09,341.37,0.9141,0
137,39.87,87.91,409.07,341.01,0.912,0
138,40.33,87.88,408.54,340.35,0.9126,0
139,40.59,87.82,408.73,341.04,0.914,0
140,41.56,87.15,408.72,339.54,0.9128,0
141,41.23,87.17,408.62,337.93,0.9151,0
142,41.24,87.1,408.49,337.58,0.9128,0
143,41.47,87.2,408.68,336.65,0.9165,0
144,41.39,86.86,408.69,337.77,0.9166,0
145,40.7,86.48,408.6,337.27,0.9108,0
146,40.54,85.83,408.86,337.26,0.9092,0
147,40.72,85.94,408.61,337.38,0.9102,0
148,40.54,85.67,408.63,337.84,0.9088,0
149,40.85,85.52,408.83,338.84,0.9091,0
150,40.92,85.93,408.76,338.05,0.9097,0
151,40.98,85.83,408.92,338.5,0.9094,0
152,40.6,86.6,408.63,337.33,0.9115,0
153,41.07,86.9,409.08,337.38,0.9136,0
154,41.05,86.93,408.04,337.83,0.9123,0
155,41.0,86.89,408.06,337.94,0.9119,0
156,40.85,87.04,407.82,337.77,0.9123,0
157,40.7,87.06,407.83,337.52,0.9132,0
158,40.86,87.13,407.59,337.62,0.9142,0
159,40.13,88.11,408.39,336.97,0.9217,0
160,40.05,88.13,408.39,337.07,0.9218,0
161,40.02,87.66,408.12,336.4,0.9216,0
162,39.74,87.79,408.18,336.06,0.9213,0
163,39.82,87.55,407.99,334.7,0.9201,0
164,39.54,87.18,408.4,334.57,0.9188,0
165,39.18,87.07,408.08,334.79,0.9152,0
166,39.52,86.51,408.05,335.78,0.9167,0
167,39.6,86.66,408.75,336.12,0.9144,0
168,39.22,86.32,408.02,334.93,0.9155,0
169,39.05,86.49,407.99,334.62,0.9148,0
170,38.53,85.89,407.88,336.07,0.9136,0
171,38.6,86.07,407.95,338.06,0.914,0
172,38.99,85.73,407.67,338.52,0.9112,0
173,38.25,85.67,407.55,336.43,0.9101,0
174,37.8,86.84,407.21,331.9,0.9136,0
175,37.85,87.48,406.95,334.51,0.9155,0
176,38.49,87.59,406.74,336.94,0.9159,0
177,37.05,87.24,406.94,337.45,0.9152,0
178,36.77,87.85,406.73,337.37,0.917,0
179,36.89,87.52,406.9,337.5,0.9155,0
180,36.76,87.5,406.74,335.73,0.9162,0
181,35.93,87.66,406.77,340.03,0.9184,0
182,35.04,87.54,406.67,341.17,0.916,0
183,34.63,87.3,406.82,341.66,0.9126,0
184,34.19,87.08,406.75,341.33,0.9116,0
185,34.7,87.06,406.34,340.75,0.9119,0
186,34.6,87.01,406.16,341.19,0.9121,0
187,34.26,87.31,406.7,338.68,0.9128,0
188,33.24,86.7,406.19,341.49,0.913,0
189,33.37,86.62,406.33,340.91,0.9133,0
190,33.49,86.85,406.27,341.52,0.9156,0
191,33.19,87.13,406.95,341.88,0.9157,0
192,32.93,87.06,406.8,342.13,0.9167,0
193,32.5,87.04,406.82,341.36,0.9164,0
194,32.55,87.27,406.31,340.83,0.9163,0
195,33.0,87.2,406.39,341.84,0.9137,0
196,32.83,87.47,406.38,341.69,0.9163,0
197,32.51,87.56,406.37,342.13,0.9164,0
198,32.74,87.41,406.38,342.34,0.916,0
199,32.98,87.29,406.53,342.25,0.9153,0
200,32.89,87.67,406.86,342.14,0.9132,0
201,32.65,87.48,406.57,342.75,0.9112,0
202,32.16,87.48,406.74,342.09,0.9105,0
203,32.04,86.9,406.26,341.82,0.9092,0
204,32.27,86.88,405.83,341.87,0.9095,0
205,32.26,86.93,405.39,341.17,0.909,0
206,31.05,86.09,405.41,340.51,0.9069,0
207,31.13,86.49,405.11,341.35,0.9093,0
208,30.81,86.54,405.25,340.28,0.9092,0
209,30.86,86.68,405.09,340.42,0.9102,0
210,30.0,86.35,404.44,340.14,0.9115,0
211,29.88,86.55,403.83,339.89,0.9133,0
212,29.75,86.81,404.1,339.23,0.9137,0
213,30.17,86.51,403.51,339.49,0.9134,0
214,30.0,86.83,403.69,338.98,0.9127,0
215,29.63,86.07,403.36,339.86,0.912,0
216,29.52,86.11,403.14,337.41,0.912,0
217,29.1,86.43,403.15,338.82,0.912,0
218,29.3,86.08,402.83,340.05,0.9132,0
219,29.45,86.43,402.4,341.6,0.9158,0
220,29.67,86.13,402.29,341.22,0.9148,0
221,29.43,86.12,402.31,341.63,0.9139,0
222,29.26,86.23,402.29,341.49,0.9113,0
223,29.12,86.39,401.71,342.66,0.9124,0
224,28.91,86.4,401.84,342.17,0.9103,0
225,28.9,86.28,402.03,342.15,0.9101,0
226,29.1,86.65,401.44,341.95,0.9114,0
227,28.96,87.13,400.7,341.45,0.9124,0
228,28.61,87.0,400.32,340.42,0.9114,0
229,28.65,87.82,399.89,341.62,0.91,0
230,28.98,87.25,399.92,341.48,0.9075,0
231,28.66,87.45,398.82,342.21,0.9093,0
232,28.56,87.19,398.17,342.39,0.9086,0
233,28.62,86.78,398.02,342.74,0.9076,0
234,28.59,86.48,398.5,342.64,0.9074,0
235,28.74,86.49,398.3,342.21,0.9077,0
236,28.93,85.74,398.31,342.18,0.9054,0
237,29.06,85.4,399.4,342.16,0.9045,0
238,28.92,85.33,397.38,341.75,0.9044,0
239,28.23,85.45,396.35,340.92,0.9027,0
240,27.64,85.38,395.7,340.09,0.8983,0
241,27.41,86.19,395.54,340.85,0.8982,0
242,26.93,86.34,395.56,339.57,0.8927,0
243,26.89,86.55,394.27,341.67,0.8944,0
244,27.2,87.21,392.87,342.94,0.8959,0
245,22.57,87.3,390.95,343.71,0.8911,0
246,22.41,86.81,390.53,344.71,0.8901,0
247,22.4,86.22,390.19,346.17,0.8899,0
248,23.07,83.92,393.73,344.54,0.8868,0
249,23.09,88.03,388.71,345.49,0.8911,0
250,23.47,88.73,388.04,343.44,0.895,0
251,22.43,89.16,387.97,343.44,0.8985,0
252,21.66,89.05,388.15,345.27,0.8981,0
253,22.56,87.02,389.17,345.62,0.8986,0
254,20.93,87.16,389.84,346.39,0.9027,0
255,20.23,87.13,389.43,345.82,0.903,0
256,18.15,86.57,389.29,347.14,0.9001,0
257,18.16,89.17,386.63,347.17,0.8994,0
258,16.81,86.57,389.64,346.57,0.8979,0
259,15.02,91.41,385.72,348.22,0.898,0
260,14.44,87.77,387.61,346.42,0.8998,0
261,14.83,93.16,383.9,346.09,0.903,0
262,13.81,93.48,384.13,346.76,0.9067,0
263,14.05,93.22,383.38,347.77,0.9055,0
264,12.82,92.84,383.44,347.36,0.9104,0
265,12.91,93.04,383.47,347.02,0.9074,0
266,12.12,93.03,383.34,340.02,0.9047,0
267,11.87,93.18,382.78,345.14,0.9051,0
268,12.73,93.39,382.13,346.67,0.9058,0
269,13.36,93.94,381.17,347.81,0.9086,0
270,12.54,94.13,380.89,346.96,0.905,0
271,10.31,90.74,383.46,346.97,0.9053,0
272,10.78,90.88,382.96,347.94,0.9052,0
273,11.24,90.59,382.43,347.97,0.9024,0
274,11.24,90.96,381.76,348.34,0.9061,0
275,12.95,90.6,381.98,348.78,0.9099,0
276,13.83,92.73,381.45,348.68,0.9084,0
277,11.95,90.68,381.85,348.55,0.9108,0
278,12.13,90.56,381.6,348.66,0.9115,0
279,11.69,90.51,381.81,349.38,0.9128,0
280,11.18,90.43,381.95,348.98,0.9105,0
281,11.77,92.42,380.9,348.38,0.9081,0
282,11.06,92.54,380.08,348.7,0.9091,0
283,10.7,92.76,379.55,348.33,0.9109,0
284,9.45,92.97,379.21,348.08,0.9106,0
285,9.27,93.02,379.21,348.1,0.9102,0
286,8.58,92.73,378.96,348.52,0.9102,0
287,8.28,93.41,379.21,348.69,0.9093,0
288,10.31,94.87,378.52,349.75,0.9099,0
289,10.06,94.92,378.44,349.67,0.9104,0
290,8.88,93.5,378.5,349.47,0.911,0
291,8.49,94.09,378.52,349.37,0.9103,0
292,8.98,93.64,378.27,349.44,0.9118,0
293,9.0,93.68,378.05,348.99,0.9118,0
294,8.88,93.63,378.09,348.64,0.9129,0
295,9.2,93.77,377.72,348.57,0.9129,0
296,8.73,93.5,377.47,349.03,0.912,0
297,8.45,93.37,377.56,349.42,0.9128,0
298,8.36,93.39,377.22,349.2,0.9121,0
299,8.31,93.32,377.36,349.09,0.9119,0
300,8.32,93.26,377.22,349.59,0.9125,0
301,8.05,93.29,376.91,349.89,0.9127,0
302,8.14,93.29,377.07,349.9,0.9131,0
303,8.31,93.4,377.08,349.91,0.913,0
304,8.14,93.33,376.86,349.7,0.9128,0
305,8.16,93.34,377.07,349.42,0.913,0
306,7.82,93.4,376.86,348.5,0.9119,0
307,8.27,93.41,376.82,348.79,0.9112,0
308,8.39,93.55,376.82,349.03,0.9113,0
309,8.21,93.55,376.6,349.29,0.9116,0
310,8.11,93.71,376.6,348.26,0.9106,0
311,7.76,93.59,376.47,348.54,0.9106,0
312,7.75,93.69,376.41,348.44,0.9107,0
313,7.73,93.64,376.21,348.46,0.9102,0
314,7.88,93.44,376.26,348.57,0.9106,0
315,8.11,93.36,376.52,348.61,0.9102,0
316,8.25,93.14,376.23,348.49,0.9116,0
317,8.09,93.16,376.29,348.6,0.9113,0
318,8.04,93.14,376.23,348.53,0.9113,0
319,8.34,93.88,376.04,348.35,0.9161,0
320,7.82,94.03,376.14,348.58,0.915,0
321,8.02,93.96,376.13,348.31,0.9155,0
322,8.95,93.9,376.09,348.35,0.9159,0
323,8.08,93.98,376.18,348.35,0.9157,0
324,8.32,93.98,376.12,348.35,0.9158,0
325,8.36,94.09,376.13,348.36,0.9158,0
326,9.22,93.78,375.58,348.7,0.9173,0
327,8.94,93.76,375.64,348.16,0.9163,0
328,8.64,93.96,375.76,348.29,0.9151,0
329,8.81,93.89,375.59,348.0,0.9165,0
330,9.1,93.73,375.67,348.07,0.9169,0
331,9.11,93.73,375.62,348.05,0.9171,0
332,9.23,93.86,375.64,347.98,0.9165,0
333,8.92,94.01,375.84,347.79,0.9158,0
334,8.89,93.66,375.88,347.92,0.9157,0
335,8.93,93.79,375.87,347.95,0.9158,0
336,8.67,93.87,375.97,347.86,0.9155,0
337,8.66,94.15,376.03,347.6,0.9149,0
338,8.39,94.11,376.28,347.85,0.9134,0
339,8.42,94.18,376.16,347.6,0.9137,0
340,8.48,94.15,376.19,347.34,0.9139,0
341,8.52,93.82,376.17,347.61,0.9127,0
342,8.59,93.83,376.28,348.23,0.913,0
343,8.36,93.83,376.3,347.61,0.9128,0
344,8.51,93.78,376.24,348.33,0.9127,0
345,8.48,93.6,376.4,348.89,0.9127,0
346,8.14,93.67,376.32,348.7,0.9123,0
347,8.5,93.69,376.47,348.71,0.9128,0
348,8.71,93.7,376.24,348.62,0.9132,0
349,8.68,93.46,376.2,349.09,0.9137,0
350,8.7,93.48,376.05,349.03,0.9138,0
351,8.84,93.39,376.0,349.3,0.9131,0
352,8.92,93.53,375.78,349.15,0.9131,0
353,8.77,93.9,375.69,349.34,0.9129,0
354,9.03,94.09,375.76,348.95,0.9141,0
355,8.72,94.13,375.82,348.53,0.915,0
356,8.87,94.31,375.64,348.47,0.9162,0
357,8.28,94.6,375.47,348.54,0.9169,0
358,8.07,94.65,375.09,348.42,0.9153,0
359,8.59,94.64,374.89,348.16,0.9157,0
360,8.64,95.41,375.12,347.63,0.9154,0
361,8.33,95.38,375.01,347.55,0.9133,0
362,8.66,96.3,374.93,347.77,0.9133,0
363,8.74,96.86,374.9,347.5,0.9129,0
364,9.1,97.01,374.76,347.74,0.9125,0
365,8.6,97.37,375.11,347.94,0.9109,0
366,8.97,98.98,375.06,347.85,0.9101,0
367,8.97,98.41,374.99,349.1,0.9127,0
368,8.67,98.24,375.0,349.65,0.9135,0
369,8.09,98.7,375.44,349.92,0.9149,0
370,8.25,99.81,375.16,349.27,0.9101,0
371,7.9,101.81,375.21,350.15,0.9098,0
372,7.57,102.03,375.11,349.7,0.9102,0
373,6.23,102.29,375.27,350.6,0.9097,0
374,5.97,102.14,375.23,349.34,0.9078,0
375,5.81,102.59,374.87,349.15,0.9072,0
376,5.95,102.56,375.02,349.31,0.9079,0
377,4.91,101.89,374.71,349.2,0.9066,0
378,3.93,102.02,374.52,348.5,0.9068,0
379,4.24,101.73,374.27,347.89,0.9087,0
380,4.09,103.56,374.02,347.49,0.9066,0
381,3.85,104.78,374.15,348.75,0.9054,0
382,3.88,105.14,373.68,347.82,0.903,0
383,3.7,104.91,373.87,348.68,0.9068,0
384,3.79,105.3,373.8,348.8,0.9075,0
385,3.69,105.31,373.8,348.65,0.9069,0
386,3.82,105.38,373.78,348.69,0.9067,0
387,3.36,104.65,373.76,349.42,0.9045,0
388,3.66,104.66,373.75,349.82,0.9051,0
389,3.15,104.72,373.67,350.03,0.9028,0
390,3.15,104.64,373.66,350.47,0.9046,0
391,2.85,104.21,373.65,350.33,0.9007,0
392,3.17,104.62,373.66,350.47,0.9002,0
393,3.17,104.51,373.71,350.34,0.9004,0
394,2.93,104.61,373.65,350.31,0.8995,0
395,3.09,104.73,373.68,350.74,0.9007,0
396,3.16,104.66,373.8,350.98,0.901,0
397,3.16,105.11,373.65,350.94,0.8999,0
398,3.2,105.09,373.91,350.82,0.9011,0
399,3.25,105.76,374.03,350.85,0.9018,0
400,3.34,105.4,373.98,351.06,0.9033,0
401,3.57,105.18,374.21,350.56,0.9017,0
402,3.63,105.05,374.32,350.96,0.9018,0
403,3.55,104.98,374.35,350.92,0.902,0
404,3.97,104.42,374.53,351.15,0.9043,0
405,3.84,104.19,374.69,350.65,0.9022,0
406,4.37,104.26,374.71,350.79,0.904,0
407,4.89,104.26,374.88,350.29,0.904,0
408,4.53,104.15,374.65,351.2,0.9047,0
409,4.8,104.4,374.73,350.47,0.9042,0
410,4.69,104.05,374.85,350.28,0.9036,0
411,5.21,104.43,374.76,350.17,0.9022,0
412,5.39,104.01,374.73,349.23,0.9046,0
413,5.44,104.26,374.65,349.23,0.9047,0
414,5.39,104.31,374.64,349.09,0.904,0
415,5.38,103.64,374.93,351.06,0.9059,0
416,5.01,104.17,374.82,349.77,0.9008,0
417,5.15,104.31,374.89,349.68,0.9026,0
418,5.13,104.14,375.11,349.79,0.9016,0
419,4.91,104.59,374.73,349.68,0.9005,0
420,4.49,103.89,375.16,348.53,0.8993,0
421,4.4,104.72,374.91,349.06,0.8965,0
422,5.86,102.03,373.97,349.21,0.8971,0
423,6.14,102.09,374.08,349.06,0.8972,0
424,5.96,101.81,374.1,349.5,0.8987,0
425,6.08,102.51,374.35,349.94,0.9017,0
426,5.89,102.11,374.66,349.92,0.9018,0
427,4.78,103.56,376.28,350.3,0.8998,0
428,5.41,102.13,376.82,350.75,0.9028,0
429,5.93,102.53,376.68,350.6,0.9039,0
430,5.91,102.56,376.98,350.39,0.904,0
431,6.23,100.97,376.97,350.65,0.9039,0
432,6.79,100.88,377.11,350.93,0.9082,0
433,6.28,101.13,377.06,350.57,0.9054,0
434,6.26,101.08,377.17,350.4,0.9051,0
435,7.18,100.4,377.29,350.37,0.9053,0
436,7.3,100.35,377.32,350.67,0.9052,0
437,7.79,100.51,376.86,350.34,0.9047,0
438,7.71,100.54,376.73,350.32,0.9055,0
439,7.6,99.09,376.45,349.84,0.9059,0
440,7.95,99.1,376.49,350.26,0.9071,0
441,8.33,98.78,376.52,350.05,0.9102,0
442,7.7,99.32,376.56,349.41,0.9089,0
443,7.74,98.25,376.65,348.34,0.908,0
444,7.87,98.9,376.42,348.08,0.9081,0
445,7.96,98.67,376.44,347.4,0.9089,0
446,7.68,97.75,376.37,348.26,0.9104,0
447,7.69,97.81,376.22,347.28,0.9105,0
448,8.05,97.76,375.75,347.25,0.9104,0
449,7.99,97.37,375.74,347.25,0.9093,0
450,7.82,96.83,375.68,346.61,0.9069,0
451,7.66,97.07,375.61,347.61,0.9072,0
452,7.67,96.81,375.8,347.61,0.9081,0
453,7.65,96.36,375.85,347.89,0.9086,0
454,7.77,95.84,375.92,348.3,0.9102,0
455,7.22,94.95,375.93,348.62,0.9098,0
456,7.14,94.78,376.17,349.13,0.9111,0
457,6.82,93.96,376.24,349.03,0.9114,0
458,6.89,93.93,376.44,349.06,0.9108,0
459,6.86,93.73,376.45,349.06,0.9109,0
460,6.47,93.96,376.58,348.62,0.911,0
461,6.21,93.52,376.53,348.12,0.909,0
462,6.02,93.84,376.62,347.85,0.9076,0
463,6.91,94.09,376.39,347.21,0.9099,0
464,6.52,94.06,376.56,347.15,0.9099,0
465,6.8,93.83,376.21,347.93,0.9107,0
466,6.7,93.37,375.98,347.99,0.9091,0
467,6.63,93.28,375.66,348.47,0.9082,0
468,6.45,93.2,375.79,348.77,0.9081,0
469,6.34,93.28,375.71,348.78,0.9079,0
470,6.5,93.17,375.46,348.94,0.9081,0
471,6.24,93.14,375.26,348.75,0.9069,0
472,6.95,92.96,375.04,348.47,0.9088,0
473,6.36,93.02,375.03,348.62,0.9097,0
474,6.48,93.0,375.09,348.18,0.9104,0
475,6.61,93.0,375.06,348.11,0.911,0
476,7.13,93.3,374.8,347.4,0.9119,0
477,6.97,93.34,374.81,347.45,0.9119,0
478,5.32,92.24,374.43,347.63,0.9073,0
479,5.33,92.29,374.49,346.78,0.9067,0
480,5.14,92.31,374.47,346.88,0.9057,0
481,5.09,92.13,374.44,346.83,0.9074,0
482,5.56,92.59,374.49,346.9,0.908,0
483,5.2,92.55,374.44,346.77,0.9087,0
484,5.43,92.45,374.39,346.39,0.909,0
485,5.15,92.41,374.17,346.84,0.9073,0
486,5.12,92.37,373.92,346.85,0.9072,0
487,4.81,92.57,373.99,346.91,0.9078,0
488,4.3,92.35,374.23,347.19,0.9078,0
489,4.35,92.38,374.1,347.06,0.9081,0
490,4.12,91.87,374.17,347.04,0.9098,0
491,3.91,91.31,374.31,346.65,0.9093,0
492,3.73,91.2,374.49,346.77,0.9093,0
493,3.7,91.01,374.8,346.63,0.9117,0
494,3.84,91.01,374.93,346.77,0.9118,0
495,3.74,91.07,374.97,346.79,0.9117,0
496,3.73,90.81,375.16,346.96,0.9109,0
497,3.42,90.21,375.39,346.6,0.9102,0
498,3.49,90.45,375.43,346.41,0.9101,0
499,3.51,90.24,375.66,347.11,0.9123,0
500,3.7,90.24,375.68,346.86,0.9134,0
501,3.75,90.32,375.55,347.26,0.9146,0
502,3.72,90.31,375.58,347.2,0.9131,0
503,3.81,90.74,375.32,347.16,0.9133,0
504,3.96,90.82,375.33,346.8,0.9144,0
505,4.61,90.95,375.28,347.01,0.9148,0
506,4.86,90.88,375.22,347.1,0.9142,0
507,4.72,90.47,375.18,346.89,0.9124,0
508,4.83,90.57,375.12,346.72,0.9122,0
509,5.22,90.62,375.37,346.62,0.9123,0
510,5.24,90.21,375.49,346.5,0.9108,0
511,5.65,90.19,375.26,346.66,0.9114,0
512,5.66,90.3,375.41,346.83,0.9112,0
513,5.78,90.36,375.34,346.83,0.9122,0
514,5.98,89.66,375.41,346.51,0.9101,0
515,6.2,89.62,375.46,346.64,0.9081,0
516,6.88,89.31,375.48,346.55,0.9103,0
517,6.71,89.28,375.48,346.54,0.9102,0
518,6.91,89.35,375.47,346.52,0.9108,0
519,6.87,89.24,375.49,346.94,0.9101,0
520,6.69,89.0,375.71,346.33,0.9088,0
521,6.92,89.09,375.68,346.38,0.9089,0
522,7.01,89.12,375.63,346.46,0.9093,0
523,7.13,89.01,375.98,345.65,0.9103,0
524,6.75,88.97,375.69,345.9,0.9093,0
525,6.56,88.79,375.83,345.58,0.9085,0
526,6.47,88.93,375.67,344.22,0.907,0
527,6.46,88.83,375.8,344.14,0.9078,0
528,6.2,88.98,375.73,344.36,0.9093,0
529,6.24,88.97,375.8,344.36,0.9093,0
530,6.26,88.94,375.71,344.33,0.9093,0
531,6.28,88.89,375.75,344.89,0.9064,0
532,7.91,90.43,375.48,345.59,0.9059,0
533,6.5,88.19,376.14,344.94,0.9057,0
534,6.0,88.04,376.09,345.42,0.9066,0
535,6.2,87.87,376.06,345.4,0.9068,0
536,6.3,88.06,375.98,345.17,0.9067,0
537,5.97,87.98,375.93,345.14,0.9061,0
538,7.9,90.26,375.31,345.75,0.907,0
539,7.8,89.8,375.2,345.65,0.9061,0
540,7.8,89.77,375.46,344.91,0.9064,0
541,7.97,89.96,375.24,344.47,0.905,0
542,6.2,88.34,375.6,344.05,0.9053,0
543,7.52,89.63,375.04,344.07,0.9032,0
544,6.05,87.66,375.8,343.72,0.9031,0
545,5.86,87.94,375.37,344.06,0.9019,0
546,7.36,89.52,375.14,344.49,0.9034,0
547,6.6,86.76,375.91,343.29,0.9009,0
548,8.31,87.5,375.17,344.32,0.9002,0
549,6.85,86.09,376.13,343.04,0.9024,0
550,8.36,87.51,375.55,343.36,0.8981,0
551,6.47,85.7,376.29,342.29,0.8981,0
552,8.3,87.6,375.46,343.74,0.8995,0
553,6.73,85.29,376.57,343.07,0.9014,0
554,7.33,85.11,376.59,342.88,0.9018,0
555,7.6,85.18,376.14,342.74,0.9023,0
556,8.76,85.55,376.52,342.36,0.9027,0
557,9.15,85.32,376.72,341.4,0.9021,0
558,10.84,86.61,376.07,341.17,0.9023,0
559,10.85,86.81,376.42,341.78,0.8991,0
560,10.96,86.36,376.85,341.02,0.897,0
561,10.63,84.35,377.93,340.69,0.8967,0
562,11.3,86.28,377.1,340.9,0.8977,0
563,10.7,83.8,378.67,341.52,0.8975,0
564,10.86,86.1,377.39,341.11,0.898,0
565,11.27,86.22,377.34,341.03,0.8988,0
566,11.69,86.35,377.74,340.14,0.901,0
567,11.4,86.3,377.94,341.04,0.9012,0
568,11.85,85.94,378.02,341.45,0.9026,0
569,11.99,86.15,377.88,341.89,0.9043,0
570,12.1,86.53,378.04,341.36,0.9042,0
571,11.92,86.77,377.9,342.05,0.9062,0
572,12.1,86.6,377.89,342.87,0.9062,0
573,12.36,85.83,377.51,342.38,0.9046,0
574,12.18,86.46,377.93,342.03,0.9034,0
575,12.25,86.4,377.81,342.16,0.9039,0
576,12.32,86.47,377.99,341.7,0.9038,0
577,12.1,86.75,378.46,340.88,0.906,0
578,11.47,85.6,378.0,339.47,0.9064,0
579,11.66,85.71,378.07,338.48,0.9057,0
580,11.62,85.75,378.13,338.85,0.9053,0
581,12.13,85.71,378.2,339.1,0.9039,0
582,12.25,84.91,378.13,339.37,0.9018,0
583,12.81,85.19,378.26,339.96,0.903,0
584,13.22,85.71,377.84,340.0,0.9032,0
585,13.51,85.61,377.88,339.95,0.9028,0
586,13.45,85.69,377.92,339.1,0.9015,0
587,13.68,84.73,378.14,339.03,0.9009,0
588,13.29,84.8,377.88,337.86,0.9021,0
589,12.84,84.93,378.26,336.92,0.8997,0
590,13.05,84.97,378.21,338.16,0.8972,0
591,13.0,83.67,377.99,338.1,0.8925,0
592,14.89,83.01,379.62,336.9,0.8991,0
593,14.78,83.17,380.27,338.56,0.9063,0
594,14.32,82.84,380.4,339.07,0.906,0
595,14.3,82.52,379.97,339.05,0.9058,0
596,14.22,81.72,379.85,340.13,0.9057,0
597,13.72,80.98,379.88,339.74,0.9017,0
598,14.19,80.37,380.06,340.23,0.8998,0
599,14.32,80.21,380.19,340.85,0.8997,0
600,14.62,80.21,379.25,339.81,0.8974,0
601,15.16,80.51,378.71,339.89,0.8993,0
602,14.76,80.31,378.73,339.6,0.8992,0
603,15.28,80.34,378.36,338.59,0.9011,0
604,15.15,79.85,378.13,337.62,0.8951,0
605,11.04,78.2,378.6,337.4,0.8959,0
606,10.44,77.77,379.07,337.9,0.8958,0
607,10.93,77.45,379.13,337.63,0.896,0
608,10.78,77.84,379.55,337.04,0.8943,0
609,10.78,77.36,378.88,336.01,0.8943,0
610,10.69,76.93,378.39,336.53,0.8921,0
611,13.14,76.3,379.08,335.56,0.8926,0
612,13.6,76.51,378.97,335.29,0.8954,0
613,11.17,74.26,377.02,334.96,0.8969,0
614,10.83,73.44,376.96,335.87,0.8984,0
615,11.09,72.8,375.94,335.89,0.8998,0
616,11.81,71.83,375.67,334.35,0.9029,0
617,11.63,71.74,375.59,334.06,0.9031,0
618,14.34,72.8,378.23,333.06,0.9043,0
619,14.05,71.61,378.1,333.03,0.9084,0
620,14.36,71.29,377.73,333.0,0.91,0
621,15.02,71.16,377.87,333.55,0.9062,0
622,14.37,70.64,377.68,333.64,0.9121,0
623,14.58,70.2,377.62,333.6,0.915,0
624,15.15,70.08,377.72,333.86,0.9136,0
625,16.01,69.79,377.61,334.31,0.9129,0
626,15.82,69.35,377.99,334.85,0.9081,0
627,16.26,67.84,378.33,335.09,0.9069,0
628,16.3,68.04,378.22,335.07,0.9085,0
629,17.56,68.49,378.57,335.19,0.9039,0
630,17.79,65.65,378.52,334.45,0.9065,0
631,17.85,64.97,378.41,334.49,0.9059,0
632,19.34,63.06,377.13,334.61,0.9045,0
633,18.88,63.68,378.4,333.68,0.9079,0
634,20.38,62.88,378.1,334.23,0.9046,0
635,19.08,60.6,376.15,336.04,0.9046,0
636,22.97,61.19,377.53,336.41,0.9069,0
637,22.65,60.93,377.22,335.9,0.9054,0
638,23.03,60.38,377.97,334.61,0.9059,0
639,20.26,61.24,380.12,332.23,0.9087,0
640,24.58,62.27,376.11,336.15,0.9147,0
641,21.41,60.11,379.27,333.59,0.9105,0
642,21.29,59.98,380.17,333.27,0.905,0
643,21.24,59.43,381.09,333.18,0.904,0
644,22.01,59.3,382.21,332.16,0.9046,0
645,19.2,57.45,381.33,334.15,0.9035,0
646,25.64,56.91,381.51,334.02,0.9072,0
647,26.1,56.9,381.38,334.3,0.9031,0
648,26.73,56.44,381.85,333.12,0.9038,0
649,20.6,56.06,381.61,333.49,0.9053,0
650,21.85,55.91,380.73,333.93,0.9062,0
651,22.23,55.99,380.71,334.31,0.9051,0
652,21.64,55.89,381.18,334.56,0.9035,0
653,23.44,55.26,381.13,334.12,0.9045,0
654,23.0,54.71,382.52,335.3,0.9091,0
655,27.82,54.68,384.2,335.67,0.9119,0
656,22.83,53.61,386.21,334.31,0.9108,0
657,22.18,52.87,385.87,333.44,0.9108,0
658,27.74,54.31,386.35,333.55,0.9092,0
659,27.85,54.06,384.65,333.17,0.9088,0
660,28.14,53.56,386.26,332.25,0.9061,0
661,25.78,52.05,386.53,330.84,0.9063,0
662,25.45,52.24,387.43,331.82,0.9099,0
663,25.95,51.79,388.38,332.35,0.9063,0
664,29.3,51.29,387.35,331.78,0.9016,0
665,29.53,50.66,387.93,332.08,0.9053,0
666,30.68,50.07,388.93,332.75,0.9054,0
667,31.14,49.99,389.67,332.49,0.903,0
668,31.03,49.27,392.05,333.0,0.9065,0
669,32.89,48.54,391.58,334.73,0.9118,0
670,32.85,48.46,391.42,334.46,0.9151,0
671,32.91,48.62,391.45,334.94,0.9137,0
672,32.46,48.16,395.56,334.12,0.9119,0
673,33.63,47.46,396.06,333.88,0.9095,0
674,33.59,47.18,397.25,332.49,0.9079,0
675,34.28,47.42,398.23,334.01,0.9063,0
676,35.65,47.11,402.02,333.75,0.9071,0
677,36.32,47.33,401.53,332.74,0.9096,0
678,36.35,47.3,402.93,333.3,0.9114,0
679,36.32,46.98,404.84,333.55,0.913,0
680,36.79,47.22,405.63,333.64,0.9115,0
681,37.77,47.09,405.38,332.87,0.9074,0
682,37.76,46.87,405.97,332.55,0.9082,0
683,37.84,46.61,406.21,332.92,0.9071,0
684,38.39,46.72,406.76,333.01,0.9087,0
685,39.1,46.59,407.47,332.89,0.9096,0
686,41.24,46.11,418.46,334.75,0.9074,0
687,41.4,45.97,420.85,334.56,0.9066,0
688,42.32,46.1,421.83,334.92,0.9045,0
689,44.05,46.59,412.59,332.0,0.9018,0
690,44.17,46.43,412.97,333.08,0.9075,0
691,42.59,46.16,412.08,334.49,0.9072,0
692,43.87,45.78,413.41,332.61,0.9069,0
693,42.87,45.94,423.12,335.69,0.9098,0
694,43.6,45.72,414.83,332.77,0.9085,0
695,43.63,45.72,415.14,332.14,0.9098,0
696,43.05,45.47,415.04,332.14,0.9114,0
697,43.34,45.29,415.28,331.6,0.9082,0
698,43.33,44.84,415.85,331.02,0.9095,0
699,43.46,44.43,417.35,330.11,0.9078,0
700,43.08,44.83,418.25,330.17,0.9081,0
701,43.2,44.42,418.13,330.61,0.908,0
702,41.76,45.18,417.37,332.56,0.9069,0
703,43.27,44.49,418.01,330.78,0.9068,0
704,43.36,44.56,419.44,331.62,0.9092,0
705,43.55,44.44,419.99,330.65,0.9108,0
706,43.63,44.45,420.37,330.18,0.9101,0
707,43.87,44.47,420.53,330.27,0.9085,0
708,44.01,44.38,420.9,330.38,0.9101,0
709,44.37,43.52,421.28,330.42,0.9075,0
710,44.34,43.34,420.97,330.64,0.904,0
711,44.63,43.27,421.02,330.6,0.9036,0
712,44.16,44.01,421.41,333.19,0.9032,0
713,44.66,43.37,421.4,330.72,0.9039,0
714,44.63,44.22,421.39,333.65,0.9026,0
715,45.15,44.25,422.13,333.74,0.9021,0
716,45.33,43.89,424.1,333.88,0.9013,0
717,45.1,44.27,428.23,331.08,0.9012,0
718,45.33,44.23,426.68,330.75,0.9006,0
719,45.28,44.13,424.29,330.55,0.9001,0
720,44.76,44.27,423.43,330.18,0.8984,0
721,45.25,44.27,425.81,332.98,0.8944,0
722,45.96,43.81,427.89,332.78,0.895,0
723,45.57,43.53,428.79,331.64,0.8933,0
724,45.28,42.16,431.02,331.93,0.8931,0
725,45.22,41.18,429.42,331.49,0.8909,0
726,45.04,41.43,431.3,331.01,0.888,0
727,44.62,41.28,430.9,330.62,0.8874,0
728,43.02,40.9,434.72,329.86,0.8864,0
729,42.78,39.79,431.11,330.06,0.8882,0
730,43.18,39.46,435.55,329.93,0.8901,0
731,43.86,38.51,433.36,329.37,0.8916,0
732,45.24,38.56,432.61,329.35,0.8905,0
733,45.12,38.1,435.06,329.37,0.889,0
734,44.97,37.11,434.61,330.27,0.8918,0
735,44.72,37.52,435.59,330.21,0.8905,0
736,45.25,37.21,434.64,329.5,0.8893,0
737,45.84,37.23,435.83,329.3,0.8907,0
738,46.24,36.68,434.69,329.54,0.8881,0
739,40.16,36.13,435.41,329.97,0.8872,0
740,40.71,36.16,435.0,329.11,0.886,0
741,41.51,36.01,434.99,329.56,0.8859,0
742,46.36,36.14,435.44,329.55,0.8853,0
743,46.3,36.87,433.92,329.11,0.8846,0
744,40.1,36.12,435.37,328.87,0.8839,0
745,39.17,35.97,435.97,329.08,0.8862,0
746,41.07,36.07,435.87,329.3,0.8843,0
747,40.17,36.21,435.36,329.41,0.8828,0
748,46.38,36.31,436.32,328.33,0.8843,0
749,46.79,36.26,437.53,326.88,0.8833,0
750,47.15,36.24,438.24,326.51,0.8847,0
751,47.02,36.66,443.86,326.55,0.8848,0
752,46.49,35.64,444.36,327.12,0.8801,0
753,46.2,34.66,447.39,325.21,0.8801,0
754,46.8,34.38,443.04,325.64,0.8763,0
755,46.86,33.37,444.98,323.89,0.8727,0
756,46.47,33.23,445.53,323.35,0.873,0
757,46.62,33.22,445.48,323.87,0.8728,0
758,46.65,33.21,446.25,323.65,0.8742,0
759,46.8,33.3,444.97,323.19,0.8704,0
760,47.24,33.56,448.36,323.38,0.8736,0
761,47.81,33.7,448.19,323.09,0.8714,0
762,47.95,33.26,445.64,323.66,0.8702,0
763,47.14,33.64,444.03,323.64,0.8683,0
764,46.92,34.34,447.53,323.64,0.8667,0
765,47.49,34.2,447.84,324.2,0.8627,0
766,48.26,34.74,446.5,324.16,0.8662,0
767,48.32,34.94,446.46,324.22,0.8667,0
768,48.37,34.85,453.38,324.11,0.8671,0
769,48.38,35.03,453.79,324.1,0.8667,0
770,48.74,35.05,452.38,323.38,0.8627,0
771,48.71,35.65,452.1,323.44,0.8643,0
772,48.58,35.57,453.75,323.5,0.8636,0
773,48.58,35.52,453.7,323.69,0.8651,0
774,48.58,35.5,455.25,323.76,0.8639,0
775,48.58,35.83,451.94,323.56,0.8625,0
776,48.61,35.85,451.04,324.36,0.8694,0
777,48.73,35.92,452.28,323.96,0.8694,0
778,48.71,35.95,451.99,323.61,0.8685,0
779,48.42,36.15,451.63,323.35,0.8696,0
780,48.23,37.07,451.95,323.67,0.8708,0
781,48.17,38.11,453.16,323.97,0.8708,0
782,48.07,39.2,453.09,323.75,0.8713,0
783,48.04,40.07,452.97,323.57,0.8727,0
784,47.72,39.5,452.19,323.48,0.8741,0
785,46.81,39.84,453.27,323.24,0.873,0
786,46.46,40.05,453.63,323.42,0.8744,0
787,46.74,40.34,452.62,323.23,0.8755,0
788,45.62,40.05,451.09,323.4,0.8712,0
789,46.29,40.09,452.16,323.63,0.8716,0
790,46.43,41.4,452.77,323.1,0.8711,0
791,46.7,41.04,450.41,323.89,0.8749,0
792,46.58,41.97,449.22,323.82,0.8769,0
793,47.44,42.39,448.35,323.88,0.8776,0
794,46.77,42.49,448.04,324.7,0.8815,0
795,46.65,42.38,449.67,324.68,0.8838,0
796,46.46,42.36,448.49,323.86,0.8804,0
797,46.29,42.93,454.33,323.22,0.8824,0
798,45.3,43.28,457.04,323.68,0.8859,0
799,44.95,43.13,457.75,323.61,0.8854,0
800,43.44,42.89,453.69,323.96,0.8824,0
801,43.66,43.27,450.78,323.58,0.8764,0
802,43.36,43.25,450.95,324.47,0.8785,0
803,43.79,43.39,451.24,325.02,0.8785,0
804,43.96,43.38,448.67,325.02,0.8761,0
805,42.79,43.37,454.44,324.14,0.882,0
806,42.75,42.89,454.39,323.85,0.8828,0
807,42.92,43.22,454.28,323.6,0.8834,0
808,43.13,43.33,455.76,323.49,0.8829,0
809,43.23,43.26,454.01,322.95,0.8809,0
810,42.96,43.53,451.1,324.26,0.88,0
811,42.52,43.49,456.0,324.74,0.8854,0
812,43.04,44.0,455.52,324.42,0.8836,0
813,43.13,43.93,452.49,324.52,0.8825,0
814,43.35,43.84,452.69,324.92,0.8849,0
815,43.0,43.93,452.86,324.33,0.8866,0
816,42.39,43.69,456.52,325.15,0.8903,0
817,42.68,43.57,457.26,325.69,0.8912,0
818,42.05,43.68,457.1,326.87,0.8927,0
819,42.04,43.64,456.61,327.12,0.894,0
820,41.73,43.53,461.13,327.23,0.897,0
821,42.38,43.72,458.34,327.36,0.8968,0
822,42.48,43.93,449.55,327.12,0.893,0
823,41.96,43.94,446.64,327.74,0.8912,0
824,42.51,43.78,454.61,327.85,0.8958,0
825,42.14,43.45,458.01,327.55,0.8968,0
826,41.25,43.52,458.63,327.69,0.8963,0
827,41.31,43.44,460.04,327.74,0.8974,0
828,41.31,43.24,458.14,327.5,0.8957,0
829,42.28,43.38,454.02,327.2,0.8943,0
830,42.78,42.5,447.52,326.91,0.8944,0
831,43.31,41.52,444.72,327.69,0.8945,0
832,43.78,41.31,438.43,327.68,0.8952,0
833,43.61,41.44,436.73,327.88,0.8956,0
834,43.39,41.72,445.88,328.02,0.8969,0
835,43.38,41.45,440.06,328.04,0.8943,0
836,44.48,41.19,440.53,328.91,0.8961,0
837,44.82,41.64,443.88,328.69,0.8972,0
838,44.08,40.93,444.37,328.66,0.8944,0
839,44.33,40.05,446.63,328.18,0.8931,0
840,45.35,39.62,439.15,328.32,0.8953,0
841,46.74,39.68,440.07,328.47,0.8963,0
842,47.38,38.71,438.63,328.84,0.8973,0
843,46.78,38.76,432.53,328.85,0.8981,0
844,47.53,39.04,430.02,327.22,0.8934,0
845,47.41,38.03,433.97,326.96,0.8917,0
846,47.52,37.62,438.93,326.43,0.8904,0
847,47.71,37.92,438.63,326.31,0.8907,0
848,47.0,37.55,444.57,326.9,0.891,0
849,46.19,37.24,447.11,326.83,0.8902,0
850,45.93,36.94,454.63,327.24,0.8893,0
851,46.39,36.71,455.8,327.9,0.8917,0
852,47.81,36.6,453.61,329.58,0.8977,0
853,47.55,36.95,450.98,330.66,0.8996,0
854,47.03,36.23,455.51,330.75,0.8962,0
855,47.44,36.17,457.63,329.71,0.8942,0
856,47.45,36.12,457.08,329.8,0.8939,0
857,47.53,35.68,456.06,329.55,0.8949,0
858,47.87,35.97,454.67,330.53,0.8935,0
859,48.09,35.82,453.7,331.12,0.8941,0
860,47.62,35.61,458.11,332.02,0.8926,0
861,47.85,35.6,455.66,330.79,0.8851,0
862,48.56,36.0,455.4,330.46,0.8866,0
863,49.62,34.87,456.25,330.21,0.8823,0
864,50.29,34.43,454.79,328.08,0.8767,0
865,50.22,33.87,456.83,328.91,0.8806,0
866,51.39,35.55,456.12,328.74,0.879,0
867,51.42,32.86,455.7,330.16,0.883,0
868,52.28,32.93,455.19,328.44,0.88,0
869,52.85,29.83,455.34,328.99,0.8789,0
870,53.88,28.42,455.82,328.37,0.8713,0
871,55.99,28.69,454.96,329.41,0.8753,0
872,52.69,29.91,451.04,333.14,0.8895,0
873,51.42,29.8,450.73,331.78,0.8925,0
874,52.01,28.78,449.97,331.13,0.8897,0
875,53.47,29.4,450.32,329.78,0.8841,0
876,53.86,29.13,449.62,330.57,0.8906,0
877,53.71,28.75,449.13,329.49,0.8874,0
878,54.34,28.17,449.26,330.08,0.8949,0
879,54.39,28.05,448.35,330.0,0.8946,0
880,55.04,28.18,448.14,331.53,0.8952,0
881,56.0,28.62,447.22,329.98,0.9048,0
882,55.93,27.22,445.6,329.09,0.9086,0
883,56.58,27.34,443.62,327.67,0.9091,0
884,56.45,26.73,443.69,329.33,0.9006,0
885,55.85,26.23,442.75,328.38,0.8898,0
886,57.18,26.55,441.36,327.85,0.8999,0
887,58.23,27.64,440.76,326.19,0.8959,0
888,57.73,27.57,439.97,327.63,0.8975,0
889,57.8,27.42,439.47,329.06,0.8981,0
890,57.93,27.32,438.01,332.73,0.9014,0
891,57.94,27.66,438.23,332.73,0.8928,0
892,61.74,26.8,436.03,325.19,0.8851,0
893,62.04,27.0,435.32,323.89,0.8858,0
894,62.25,27.8,434.04,323.78,0.8861,0
895,62.58,27.76,431.45,322.71,0.8807,0
896,62.53,27.74,429.81,321.94,0.8841,0
897,62.96,27.88,430.27,321.82,0.8852,0
898,63.36,29.06,426.3,321.9,0.8817,0
899,63.78,29.34,425.12,321.66,0.8822,0
900,63.75,29.98,423.14,320.72,0.8815,0
901,64.2,31.07,418.7,321.15,0.886,0
902,64.99,31.8,417.32,321.72,0.8911,0
903,65.68,32.93,416.64,320.47,0.8891,0
904,66.35,33.13,415.7,319.24,0.8837,0
905,68.12,34.91,414.23,319.97,0.8846,0
906,69.61,35.06,411.87,321.32,0.8943,0
907,70.55,35.81,408.05,320.4,0.8955,0
908,69.22,35.83,404.7,320.48,0.9035,0
909,69.81,36.1,403.42,317.52,0.8987,0
910,69.77,36.51,402.25,317.49,0.8984,0
911,73.05,37.08,379.45,318.39,0.9002,0
912,69.96,38.5,400.9,316.49,0.9008,0
913,72.62,39.56,394.44,317.22,0.8974,0
914,73.11,40.33,384.15,315.64,0.8999,0
915,73.64,40.97,387.09,315.97,0.9067,0
916,74.48,43.06,391.03,314.98,0.9123,0
917,74.8,42.96,389.75,316.34,0.9163,0
918,75.11,43.28,392.67,316.43,0.9089,0
919,74.9,43.52,392.03,316.76,0.9137,0
920,75.47,44.56,391.2,316.09,0.9132,0
921,75.89,44.97,389.59,314.22,0.9129,0
922,75.99,45.45,388.22,313.81,0.9133,0
923,75.88,46.4,385.1,314.4,0.9057,0
924,76.03,52.71,382.07,308.28,0.9096,0
925,76.05,49.25,383.53,313.66,0.9089,0
926,76.94,54.01,383.19,311.81,0.905,0
927,77.49,54.0,377.02,307.51,0.9098,0
928,77.83,56.24,378.61,308.39,0.9113,0
929,78.77,56.97,378.3,310.34,0.9144,0
930,79.1,56.77,377.32,315.19,0.9129,0
931,78.14,57.63,375.52,316.0,0.9167,0
932,79.99,58.65,374.51,314.05,0.9168,0
933,80.13,59.16,372.91,313.89,0.9172,0
934,80.33,60.14,373.2,312.62,0.9158,0
935,80.41,60.38,373.2,314.7,0.9194,0
936,80.11,60.97,370.57,313.41,0.9119,0
937,81.12,61.74,370.15,313.27,0.9152,0
938,81.15,63.1,371.14,312.15,0.917,0
939,81.35,63.84,369.18,311.21,0.9152,0
940,82.05,64.06,359.23,313.46,0.9109,0
941,82.11,65.88,355.95,313.89,0.9132,0
942,82.6,68.65,354.2,312.56,0.9091,0
943,82.25,71.13,351.98,312.63,0.9157,0
944,82.02,71.52,350.57,312.95,0.9165,0
945,81.59,71.78,351.86,312.1,0.9189,0
946,82.43,71.99,352.14,314.8,0.9203,0
947,81.75,72.69,352.69,315.22,0.9236,0
948,81.23,73.33,350.81,315.64,0.9192,0
949,82.06,73.35,350.73,314.49,0.9161,0
950,82.47,72.25,353.05,313.19,0.9182,0
951,84.01,74.56,352.23,313.18,0.9175,0
952,84.51,75.13,350.73,314.15,0.912,0
953,83.66,75.49,349.72,313.13,0.9141,0
954,85.0,75.34,351.41,314.89,0.9193,0
955,85.4,75.57,351.84,315.01,0.9217,0
956,85.86,76.18,348.02,315.52,0.9098,0
957,85.92,76.32,350.15,313.89,0.9207,0
958,86.36,76.45,349.69,314.13,0.9229,0
959,86.31,76.87,349.36,313.43,0.9181,0
960,86.39,77.1,347.06,312.48,0.9247,0
961,86.7,77.23,345.72,312.95,0.923,0
962,86.44,77.12,346.04,314.63,0.9215,0
963,86.78,77.86,344.74,313.71,0.9242,0
964,86.82,78.38,343.71,312.78,0.923,0
965,87.18,79.2,340.75,312.95,0.9216,0
966,87.26,80.97,341.33,313.14,0.924,0
967,87.14,81.17,340.98,312.28,0.9234,0
968,88.02,81.58,343.47,311.61,0.923,0
969,88.46,81.69,329.64,310.58,0.918,0
970,88.97,82.72,344.58,311.01,0.9172,0
971,89.17,82.91,343.35,310.8,0.9127,0
972,89.09,83.08,344.73,311.42,0.9152,0
973,88.83,83.09,344.11,311.79,0.9147,0
974,88.36,82.98,343.81,311.83,0.913,0
975,88.5,82.78,344.22,311.23,0.9074,0
976,88.92,82.05,346.99,308.01,0.9143,0
977,89.25,82.31,346.26,309.26,0.9172,0
978,89.18,82.09,344.92,307.72,0.9167,0
979,89.46,81.68,344.36,306.86,0.9167,0
980,89.28,81.77,345.39,306.99,0.9144,0
981,89.06,80.6,344.74,308.35,0.9104,0
982,89.8,80.93,345.11,307.33,0.9095,0
983,89.83,80.84,346.02,307.13,0.9089,0
984,90.21,80.94,345.71,308.02,0.9113,0
985,90.2,79.93,346.7,309.03,0.9079,0
986,90.79,80.19,347.1,308.1,0.9022,0
987,91.03,80.43,347.63,309.35,0.9026,0
988,91.22,80.6,347.71,308.48,0.9069,0
989,91.09,80.98,347.4,308.35,0.9098,0
990,91.25,81.47,347.13,307.71,0.9038,0
991,90.84,81.84,346.87,309.56,0.9045,0
992,90.75,81.75,346.39,309.83,0.9099,0
993,90.66,81.59,345.97,309.95,0.9105,0
994,90.62,81.55,345.96,309.38,0.9106,0
995,90.93,81.41,344.89,309.23,0.9092,0
996,91.45,81.57,344.85,306.79,0.9046,0
997,91.92,81.57,345.27,305.82,0.9028,0
998,91.74,81.23,345.55,306.95,0.9019,0
999,91.81,82.54,344.39,307.6,0.9014,0
1000,91.91,82.2,344.46,307.36,0.8986,0
1001,91.52,81.89,343.72,308.62,0.9029,0
1002,91.82,82.12,342.59,307.55,0.9028,0
1003,91.81,81.73,343.0,305.49,0.8997,0
1004,91.73,81.72,343.02,305.77,0.9005,0
1005,91.78,81.52,344.44,305.76,0.9035,0
1006,91.89,80.97,340.38,302.41,0.8979,0
1007,92.5,80.73,335.09,297.98,0.8922,0
1008,92.46,80.13,341.72,299.69,0.8995,0
1009,92.8,79.66,339.71,295.84,0.8989,0
1010,92.88,79.48,339.96,295.55,0.9019,0
1011,93.07,78.69,343.69,292.63,0.9095,0
1012,93.22,78.65,343.42,291.3,0.9099,0
1013,93.15,78.54,344.69,291.06,0.9097,0
1014,93.16,78.61,346.02,290.98,0.9129,0
1015,93.18,78.47,346.03,290.96,0.912,0
1016,93.16,78.31,346.48,290.63,0.912,0
1017,93.12,77.97,347.29,290.61,0.9142,0
1018,93.12,77.99,347.14,290.2,0.9121,0
1019,93.05,77.89,347.87,289.76,0.9129,0
1020,92.76,78.03,348.58,289.77,0.9124,0
1021,93.06,78.02,348.39,289.71,0.9101,0
1022,93.06,77.53,348.4,289.19,0.9104,0
1023,93.16,77.39,349.03,289.3,0.9124,0
1024,93.34,77.17,349.08,289.13,0.9131,0
1025,93.25,77.07,349.51,289.11,0.9148,0
1026,93.24,76.75,349.7,289.28,0.9154,0
1027,93.42,76.71,348.65,289.29,0.9141,0
1028,93.42,76.69,348.64,289.13,0.9123,0
1029,93.44,76.67,348.68,289.2,0.9121,0
1030,93.44,76.58,348.25,289.37,0.9129,0
1031,93.55,76.52,348.41,289.55,0.9127,0
1032,93.6,76.32,348.01,289.46,0.9122,0
1033,93.56,76.26,347.66,289.61,0.9125,0
1034,93.6,76.03,347.64,289.46,0.9136,0
1035,93.56,76.22,346.74,289.6,0.91,0
1036,93.45,76.13,346.22,289.13,0.9086,0
1037,93.18,76.07,346.53,290.11,0.9108,0
1038,93.07,75.99,346.23,290.08,0.9083,0
1039,93.15,75.75,346.44,289.79,0.911,0
1040,93.24,75.54,347.33,289.47,0.9154,0
1041,93.33,75.57,346.98,289.56,0.9142,0
1042,93.27,75.5,347.03,289.39,0.9157,0
1043,93.38,75.3,348.07,289.31,0.9167,0
1044,93.5,75.03,348.51,289.35,0.9159,0
1045,93.34,74.72,348.18,289.29,0.9155,0
1046,93.38,74.75,348.44,289.31,0.9164,0
1047,93.4,74.63,348.0,289.25,0.9165,0
1048,93.44,74.49,347.88,289.45,0.9171,0
1049,93.5,74.23,347.15,289.5,0.9153,0
1050,93.52,73.86,348.4,289.43,0.9154,0
1051,93.52,73.45,347.18,289.36,0.913,0
1052,93.3,72.76,346.16,289.66,0.9082,0
1053,93.33,72.43,345.92,289.62,0.9064,0
1054,93.46,72.34,345.97,289.6,0.9072,0
1055,93.5,72.19,346.12,289.19,0.9073,0
1056,93.77,71.9,346.31,289.39,0.9026,0
1057,93.77,72.02,346.44,289.19,0.9026,0
1058,93.89,72.41,346.66,290.26,0.901,0
1059,94.02,72.83,347.29,289.79,0.9059,0
1060,94.01,72.38,348.1,289.66,0.9091,0
1061,94.11,72.08,347.29,289.6,0.9104,0
1062,94.02,71.55,347.25,289.6,0.9124,0
1063,93.92,71.7,347.4,289.23,0.9114,0
1064,93.98,71.68,347.63,289.77,0.9125,0
1065,94.24,71.59,347.24,289.13,0.9154,0
1066,93.99,71.5,347.44,289.52,0.9137,0
1067,94.19,70.81,347.27,289.17,0.9153,0
1068,94.25,70.6,348.04,289.11,0.9165,0
1069,94.39,70.34,347.57,288.39,0.9141,0
1070,94.37,70.34,347.05,288.77,0.9132,0
1071,94.33,69.98,346.79,288.53,0.9117,0
1072,94.38,69.94,346.85,288.66,0.9125,0
1073,94.4,68.48,347.6,288.73,0.9148,0
1074,94.27,69.12,347.7,288.5,0.9171,0
1075,94.37,67.78,347.13,288.83,0.9157,0
1076,94.3,68.03,347.99,288.84,0.9178,0
1077,94.43,65.76,347.93,289.58,0.919,0
1078,94.43,65.35,348.7,289.31,0.9196,0
1079,94.36,65.58,348.19,289.14,0.9168,0
1080,94.36,64.97,348.38,288.65,0.9194,0
1081,94.4,64.54,347.69,289.19,0.9153,0
1082,94.52,64.38,347.28,289.65,0.9171,0
1083,94.5,63.84,347.09,289.65,0.9214,0
1084,94.47,63.77,346.75,289.74,0.9208,0
1085,94.5,63.34,345.93,289.82,0.9199,0
1086,94.49,63.23,345.77,290.05,0.9203,0
1087,94.43,63.49,345.47,290.25,0.9196,0
1088,94.53,63.26,347.01,290.04,0.9214,0
1089,94.57,63.05,345.65,289.92,0.9209,0
1090,94.66,62.31,343.8,289.74,0.9188,0
1091,94.69,62.57,344.12,289.9,0.9205,0
1092,94.69,62.46,340.18,290.19,0.9182,0
1093,94.63,62.24,337.52,289.8,0.9191,0
1094,94.66,61.96,335.13,290.06,0.9224,0
1095,94.63,61.73,337.2,289.76,0.9218,0
1096,94.63,61.79,339.9,289.81,0.9214,0
1097,94.56,61.32,339.8,289.8,0.9208,0
1098,94.62,60.82,344.76,290.82,0.9206,0
1099,94.79,60.16,345.35,291.85,0.9237,0
1100,94.79,60.02,345.97,291.99,0.9208,0
1101,94.73,60.0,343.83,291.34,0.9196,0
1102,94.69,60.08,346.92,292.05,0.9219,0
1103,94.71,60.12,346.89,291.97,0.9221,0
1104,94.68,59.78,347.5,291.75,0.9234,0
1105,94.77,59.65,346.73,291.56,0.9202,0
1106,94.72,59.29,347.32,291.52,0.9182,0
1107,94.92,59.23,347.65,291.7,0.9256,0
1108,94.92,59.06,347.56,291.53,0.9251,0
1109,94.93,59.04,347.9,291.58,0.9259,0
1110,95.0,58.8,348.52,291.82,0.925,0
1111,95.15,58.2,348.75,291.1,0.9263,0
1112,95.1,58.04,349.47,291.06,0.9281,0
1113,95.1,58.01,348.08,290.27,0.926,0
1114,95.06,57.73,348.11,290.45,0.9255,0
1115,95.07,57.7,348.33,290.18,0.9255,0
1116,94.99,57.88,344.04,290.19,0.9239,0
1117,95.19,57.54,341.51,291.93,0.922,0
1118,95.11,57.49,344.77,291.87,0.9239,0
1119,95.17,57.5,345.1,291.87,0.9253,0
1120,95.24,57.29,344.0,292.77,0.9258,0
1121,95.24,56.89,345.78,292.23,0.9261,0
1122,95.19,56.71,346.42,293.11,0.9276,0
1123,95.4,56.88,349.77,293.0,0.9298,0
1124,95.1,56.67,348.63,292.99,0.9314,0
1125,95.18,56.49,348.08,292.93,0.934,0
1126,95.39,56.57,348.6,293.27,0.9326,0
1127,95.42,56.48,348.28,293.6,0.9334,0
1128,95.43,56.49,348.23,293.6,0.9334,0
1129,95.52,56.34,347.92,293.28,0.931,0
1130,95.49,55.84,345.74,294.02,0.9289,0
1131,95.48,55.31,345.89,293.39,0.9293,0
1132,95.28,54.94,344.67,293.29,0.9283,0
1133,95.28,54.87,343.56,293.32,0.9276,0
1134,95.28,55.19,344.44,293.09,0.9292,0
1135,95.26,54.6,345.7,293.13,0.9291,0
1136,95.24,54.08,346.33,293.19,0.9309,0
1137,95.31,54.21,347.2,292.69,0.9309,0
1138,95.35,53.71,346.81,292.82,0.9303,0
1139,95.29,53.42,346.98,293.14,0.931,0
1140,95.24,52.82,346.81,293.01,0.9295,0
1141,95.16,52.28,347.73,292.39,0.9272,0
1142,95.15,51.83,348.51,292.32,0.9269,0
1143,95.16,52.36,347.71,292.3,0.9269,0
1144,95.17,52.2,348.07,292.31,0.9269,0
1145,95.08,52.15,348.27,291.93,0.9262,0
1146,95.19,51.89,348.5,291.51,0.9263,0
1147,95.19,52.35,348.43,292.04,0.9264,0
1148,95.24,52.5,348.82,291.28,0.9261,0
1149,95.04,52.21,348.88,291.3,0.9255,0
1150,95.18,52.05,349.02,291.08,0.9255,0
1151,95.12,52.18,349.11,291.23,0.9255,0
1152,94.95,51.89,349.44,290.95,0.9264,0
1153,94.86,51.76,350.25,290.98,0.9271,0
1154,94.81,51.78,350.12,291.21,0.9279,0
1155,94.93,51.59,349.32,291.04,0.9267,0
1156,94.85,51.61,349.58,291.27,0.9272,0
1157,94.82,51.67,349.78,290.86,0.9274,0
1158,94.79,51.58,349.44,290.96,0.9266,0
1159,94.88,51.66,349.86,290.07,0.926,0
1160,94.91,51.68,349.45,290.08,0.926,0
1161,94.92,51.51,349.35,289.68,0.9251,0
1162,94.9,51.54,349.17,289.84,0.9244,0
1163,94.89,51.71,348.31,289.78,0.9232,0
1164,94.88,51.55,347.24,289.56,0.9204,0
1165,94.86,51.63,347.59,289.71,0.9205,0
1166,94.81,51.53,347.7,289.55,0.9205,0
1167,94.91,51.55,347.51,289.69,0.9194,0
1168,94.97,51.7,347.28,289.38,0.9176,0
1169,94.98,51.48,347.2,289.29,0.9176,0
1170,94.88,51.13,347.72,289.44,0.9197,0
1171,94.78,51.35,347.19,289.15,0.9189,0
1172,94.69,51.37,346.55,289.16,0.9179,0
1173,94.69,51.36,346.71,289.21,0.9202,0
1174,94.68,51.24,346.39,288.75,0.9197,0
1175,94.68,51.23,346.47,288.89,0.9204,0
1176,94.69,51.1,345.77,288.68,0.9188,0
1177,94.71,51.05,346.06,288.88,0.9195,0
1178,94.68,51.16,346.37,288.95,0.9201,0
1179,94.68,50.99,346.07,288.86,0.9212,0
1180,94.66,51.24,346.42,289.25,0.9209,0
1181,94.67,51.26,346.14,289.03,0.9203,0
1182,94.7,51.07,346.17,289.52,0.9217,0
1183,94.79,50.79,346.69,288.78,0.9229,0
1184,94.64,51.19,345.99,288.86,0.9219,0
1185,94.72,51.23,346.08,288.88,0.9209,0
1186,94.69,51.16,346.19,289.35,0.9226,0
1187,94.63,51.14,346.18,289.21,0.9216,0
1188,94.64,51.27,346.3,289.15,0.921,0
1189,94.58,51.65,346.2,289.57,0.9212,0
1190,94.62,51.84,346.19,288.86,0.9185,0
1191,94.64,51.86,346.11,288.76,0.9188,0
1192,94.69,51.95,345.95,288.8,0.9187,0
1193,94.63,52.14,346.03,289.12,0.9173,0
1194,94.62,51.88,345.93,288.59,0.9183,0
1195,94.66,51.46,346.09,289.55,0.9191,0
1196,94.74,51.94,346.64,289.66,0.9201,0
1197,94.73,51.58,346.79,289.87,0.9213,0
1198,95.04,51.16,347.29,289.55,0.9225,0
1199,95.02,51.16,346.86,290.03,0.9233,0
1200,95.06,50.82,347.7,289.99,0.9241,0
1201,95.12,50.64,347.44,290.01,0.9239,0
1202,95.29,50.47,348.0,289.55,0.9237,0
1203,95.28,50.77,348.27,289.62,0.9214,0
1204,95.47,50.82,348.57,289.97,0.9232,0
1205,95.52,50.84,349.36,289.95,0.925,0
1206,95.63,50.77,350.4,289.64,0.9252,0
1207,95.8,50.21,351.19,288.59,0.9247,0
1208,96.12,50.35,351.07,288.52,0.9263,0
1209,96.14,50.24,351.77,289.42,0.9274,0
1210,96.64,50.26,351.98,290.88,0.9321,0
1211,96.61,49.92,351.83,291.02,0.9321,0
1212,96.43,49.72,351.97,290.97,0.9338,0
1213,97.45,49.85,352.37,290.7,0.9344,0
1214,97.1,50.0,352.42,291.66,0.9367,0
1215,97.16,49.9,351.57,291.4,0.9346,0
1216,97.42,50.2,351.04,291.06,0.934,0
1217,97.62,50.5,350.92,291.82,0.9326,0
1218,98.38,50.81,351.93,291.56,0.9356,0
1219,98.39,50.88,351.73,292.37,0.9321,0
1220,98.21,51.25,351.63,292.92,0.93,0
1221,98.45,51.57,351.06,293.39,0.931,0
1222,98.6,51.61,351.35,293.93,0.9286,0
1223,98.77,52.1,351.31,293.95,0.9287,0
1224,99.61,52.24,351.88,294.19,0.9275,0
1225,99.45,52.42,352.77,294.41,0.9267,0
1226,99.49,52.94,353.28,293.04,0.9245,0
1227,100.33,53.59,353.57,292.34,0.9258,0
1228,101.32,53.11,353.06,292.83,0.9269,0
1229,100.83,53.24,353.49,291.96,0.928,0
1230,101.22,52.77,353.54,291.96,0.931,0
1231,100.46,53.02,353.32,292.23,0.9297,0
1232,99.82,53.7,352.8,291.77,0.926,0
1233,100.3,54.51,353.17,291.58,0.9289,0
1234,102.1,53.98,352.99,292.5,0.934,0
1235,102.81,54.19,353.07,292.79,0.9348,0
1236,103.0,55.18,353.44,293.15,0.9337,0
1237,103.09,55.27,353.74,292.84,0.9324,0
1238,103.45,56.03,353.37,292.15,0.93,0
1239,103.44,56.13,353.34,290.79,0.9277,0
1240,104.0,56.1,353.97,290.83,0.929,0
1241,103.61,56.49,353.96,290.72,0.9267,0
1242,103.95,57.29,354.29,290.78,0.9273,0
1243,104.29,57.13,354.84,290.81,0.9263,0
1244,105.73,55.77,355.29,288.31,0.9242,0
1245,106.07,55.37,354.35,287.99,0.9245,0
1246,106.23,55.79,354.43,288.21,0.9229,0
1247,106.01,55.87,354.23,288.92,0.9244,0
1248,105.77,55.52,355.02,289.18,0.9242,0
1249,106.01,55.73,354.55,290.36,0.9255,0
1250,105.96,55.65,354.83,290.53,0.9253,0
1251,105.71,55.58,354.82,292.91,0.9231,0
1252,105.68,55.19,354.85,294.38,0.9231,0
1253,105.45,54.93,356.42,294.42,0.9224,0
1254,105.07,55.03,355.2,296.67,0.9244,0
1255,105.72,54.35,354.85,295.36,0.9212,0
1256,105.67,54.36,354.72,295.29,0.922,0
1257,105.11,54.46,355.09,296.59,0.9221,0
1258,105.16,53.62,355.42,297.37,0.9218,0
1259,104.99,54.53,355.43,297.0,0.9205,0
1260,104.9,54.59,355.38,297.92,0.9187,0
1261,105.14,54.37,355.55,296.13,0.9205,0
1262,105.77,53.94,355.56,292.9,0.9201,0
1263,105.04,53.97,355.81,294.61,0.9232,0
1264,104.97,54.45,355.54,292.99,0.9257,0
1265,105.31,53.71,355.69,293.92,0.9239,0
1266,105.29,53.35,355.71,293.69,0.9236,0
1267,105.16,53.99,355.43,291.96,0.9264,0
1268,104.87,53.24,355.74,290.5,0.9246,0
1269,104.74,52.73,355.95,290.52,0.9248,0
1270,104.74,52.8,355.61,290.45,0.9283,0
1271,104.79,53.21,355.67,290.41,0.9282,0
1272,104.74,52.46,354.83,290.32,0.9275,0
1273,104.31,52.14,353.76,290.18,0.9277,0
1274,104.29,52.05,354.45,291.53,0.9277,0
1275,104.07,51.93,354.91,292.31,0.9322,0
1276,103.96,52.96,354.92,295.24,0.9395,0
1277,104.16,52.44,355.24,294.4,0.9378,0
1278,103.91,52.22,355.65,294.91,0.9382,0
1279,103.74,51.91,355.16,293.3,0.9371,0
1280,104.16,51.58,354.93,292.73,0.9396,0
1281,104.17,50.96,354.71,292.92,0.941,0
1282,103.87,50.59,354.71,290.99,0.9375,0
1283,104.34,49.55,354.74,289.69,0.936,0
1284,104.52,49.59,354.46,290.42,0.9351,0
1285,104.65,49.75,354.37,290.74,0.9349,0
1286,104.69,49.19,354.24,291.56,0.9343,0
1287,104.61,48.88,354.08,290.79,0.9363,0
1288,104.54,48.69,354.2,290.32,0.9384,0
1289,104.15,48.57,354.52,290.12,0.9382,0
1290,104.0,48.21,354.67,290.9,0.9395,0
1291,104.02,48.14,354.6,291.39,0.9383,0
1292,104.31,47.29,355.01,292.06,0.9388,0
1293,104.49,47.31,354.84,291.85,0.9395,0
1294,104.54,47.86,354.59,292.8,0.9394,0
1295,104.67,47.42,354.33,293.14,0.9418,0
1296,104.79,45.98,354.53,292.87,0.9408,0
1297,104.83,45.56,354.61,293.1,0.9424,0
1298,104.78,45.15,354.63,293.5,0.942,0
1299,104.91,44.25,354.64,293.24,0.9422,0
1300,104.91,44.25,354.66,292.91,0.9427,0
1301,105.07,43.44,354.31,292.27,0.9428,0
1302,104.91,44.51,354.34,291.96,0.9406,0
1303,104.82,44.2,354.27,292.39,0.9421,0
1304,104.94,43.15,354.49,291.78,0.9412,0
1305,104.87,43.7,354.44,291.46,0.9404,0
1306,104.78,43.75,354.52,291.78,0.9393,0
1307,104.78,43.7,354.52,291.79,0.9389,0
1308,104.84,43.64,354.73,291.69,0.9382,0
1309,104.82,43.28,354.95,292.02,0.9397,0
1310,104.48,43.1,354.91,292.5,0.9401,0
1311,104.78,43.18,354.98,292.57,0.9382,0
1312,104.87,43.28,355.15,292.49,0.9395,0
1313,104.53,43.3,354.78,292.74,0.9391,0
1314,104.45,43.82,354.8,292.77,0.9402,0
1315,104.54,42.87,354.72,293.08,0.9397,0
1316,104.46,42.88,354.58,293.45,0.9396,0
1317,104.45,43.4,354.66,293.52,0.9396,0
1318,104.4,43.0,354.6,293.98,0.9395,0
1319,104.46,43.3,354.37,293.69,0.9389,0
1320,104.37,43.54,354.49,293.6,0.9382,0
1321,104.36,43.5,354.43,293.44,0.9388,0
1322,104.12,44.23,354.38,293.46,0.938,0
1323,104.34,44.34,354.3,293.44,0.9376,0
1324,104.23,44.11,354.39,293.36,0.9387,0
1325,104.37,44.23,354.52,293.53,0.9383,0
1326,104.33,44.4,354.77,293.92,0.9381,0
1327,104.45,44.36,354.85,293.89,0.9392,0
1328,104.44,44.88,355.16,293.62,0.9382,0
1329,104.53,45.12,355.12,293.46,0.9387,0
1330,104.38,44.72,355.22,294.19,0.9382,0
1331,104.44,44.71,355.19,294.12,0.938,0
1332,104.43,44.35,355.17,293.78,0.9377,0
1333,104.33,44.38,355.17,293.74,0.938,0
1334,104.53,44.23,355.04,293.76,0.9373,0
1335,104.47,44.24,355.01,293.6,0.9384,0
1336,104.38,43.61,354.87,293.53,0.9379,0
1337,104.37,43.33,355.1,293.38,0.9368,0
1338,104.28,43.78,355.0,293.05,0.936,0
1339,104.39,43.95,355.12,292.87,0.9351,0
1340,104.25,44.4,355.08,292.57,0.9359,0
1341,104.28,43.99,355.11,292.69,0.9367,0
1342,104.25,43.97,355.09,292.48,0.9363,0
1343,104.39,44.62,355.08,291.82,0.9352,0
1344,104.32,44.43,354.88,291.89,0.9369,0
1345,104.62,44.15,355.09,291.89,0.9371,0
1346,104.51,44.61,354.94,292.21,0.9371,0
1347,104.46,44.15,354.89,292.12,0.9369,0
1348,104.09,43.42,355.08,292.16,0.9372,0
1349,104.1,43.44,354.86,291.47,0.9373,0
1350,103.74,43.07,354.61,291.43,0.9404,0
1351,103.73,43.17,354.49,291.5,0.9403,0
1352,103.72,43.5,354.49,291.71,0.9406,0
1353,103.72,43.55,354.5,291.78,0.9406,0
1354,103.94,42.13,354.13,289.97,0.9389,0
1355,103.52,42.19,353.85,290.54,0.9401,0
1356,103.45,42.85,353.74,290.77,0.939,0
1357,102.97,42.64,353.44,290.13,0.9379,0
1358,102.95,42.49,353.3,289.84,0.9383,0
1359,102.69,42.79,353.34,289.47,0.9355,0
1360,102.58,42.13,353.32,290.55,0.9362,0
1361,102.61,41.8,353.01,290.84,0.9369,0
1362,102.13,41.77,353.14,291.78,0.9366,0
1363,102.42,41.96,353.29,291.57,0.9363,0
1364,102.22,41.87,353.54,291.67,0.9393,0
1365,102.04,40.87,353.64,291.63,0.9407,0
1366,102.26,39.71,354.0,291.17,0.9411,0
1367,102.25,38.75,354.08,291.42,0.9415,0
1368,102.13,38.52,354.2,291.78,0.9427,0
1369,102.04,37.98,354.54,291.79,0.9423,0
1370,102.3,37.35,354.49,292.11,0.9443,0
1371,102.25,36.9,354.23,291.52,0.9427,0
1372,101.8,36.06,354.28,291.07,0.9426,0
1373,101.52,36.04,353.72,290.4,0.9404,0
1374,101.35,35.93,353.75,290.36,0.942,0
1375,101.51,36.89,354.04,289.67,0.9416,0
1376,101.59,35.92,353.59,288.81,0.9383,0
1377,101.05,36.62,353.52,288.36,0.9374,0
1378,101.28,36.96,352.96,287.36,0.9346,0
1379,100.99,37.27,353.07,288.84,0.9348,0
1380,101.2,37.01,353.27,289.47,0.9335,0
1381,101.37,36.36,353.19,289.56,0.9329,0
1382,101.06,36.22,352.54,289.29,0.9322,0
1383,100.69,36.59,352.09,288.49,0.9293,0
1384,101.05,36.64,350.78,287.64,0.9277,0
1385,101.06,36.76,350.51,287.07,0.9248,0
1386,100.98,37.01,350.09,286.57,0.9242,0
1387,101.15,36.39,351.44,283.99,0.9235,0
1388,100.69,36.51,352.12,284.36,0.9247,0
1389,100.37,36.12,352.78,285.22,0.9287,0
1390,100.49,35.96,353.34,285.63,0.9292,0
1391,100.9,34.96,353.35,285.79,0.9306,0
1392,101.23,34.65,353.64,284.26,0.9312,0
1393,101.58,33.56,353.31,281.67,0.9274,0
1394,101.56,32.85,353.62,281.71,0.9289,0
1395,101.17,32.93,353.66,281.17,0.9284,0
1396,101.18,32.93,354.08,281.49,0.9292,0
1397,101.59,32.61,353.85,281.26,0.928,0
1398,101.41,32.77,353.7,281.78,0.9273,0
1399,101.41,32.8,353.74,280.85,0.925,0
1400,101.07,32.78,353.71,281.82,0.9249,0
1401,101.12,32.99,353.49,280.83,0.9228,0
1402,101.41,32.81,353.11,278.1,0.9213,0
1403,100.56,32.78,352.51,278.49,0.92,0
1404,100.32,33.04,352.87,278.2,0.9226,0
1405,100.49,32.98,352.87,277.56,0.9219,0
1406,100.18,32.76,353.36,277.95,0.9236,0
1407,99.98,32.78,353.28,279.43,0.9244,0
1408,100.31,32.21,353.29,280.29,0.9247,0
1409,100.27,31.21,353.47,280.65,0.9238,0
1410,100.26,31.04,353.64,281.3,0.9236,0
1411,101.11,30.89,353.51,280.07,0.9179,0
1412,100.95,30.62,353.16,280.37,0.9186,0
1413,100.1,30.07,352.54,279.84,0.9154,0
1414,100.1,30.0,352.83,280.04,0.9142,0
1415,100.85,28.9,352.92,279.8,0.914,0
1416,101.13,28.52,353.32,279.84,0.9176,0
1417,101.28,29.14,353.28,281.07,0.9211,0
1418,101.23,28.84,353.16,281.28,0.9184,0
1419,101.45,28.63,352.81,280.71,0.9151,0
1420,100.48,28.49,353.36,281.7,0.9173,0
1421,100.69,28.37,353.17,280.88,0.9136,0
1422,100.79,28.77,353.22,281.29,0.9165,0
1423,101.05,28.82,353.4,282.54,0.9188,0
1424,100.48,28.89,354.21,282.04,0.9187,0
1425,100.66,28.95,354.83,281.2,0.9189,0
1426,99.86,28.77,354.84,281.91,0.919,0
1427,99.18,28.6,354.44,282.11,0.9195,0
1428,99.05,28.58,354.79,282.4,0.9201,0
1429,98.97,28.63,354.89,282.51,0.9209,0
1430,99.19,28.54,355.41,281.65,0.9228,0
1431,99.45,28.44,355.47,281.64,0.9228,0
1432,99.72,28.43,355.78,281.41,0.9253,0
1433,99.58,28.58,355.73,280.94,0.9245,0
1434,99.6,28.52,355.68,280.62,0.9247,0
1435,99.9,29.81,351.49,278.76,0.916,0
1436,99.67,29.78,351.09,278.31,0.916,0
1437,99.51,30.0,348.58,278.29,0.9178,0
1438,99.47,29.85,350.96,278.48,0.9171,0
1439,99.59,30.14,351.66,277.98,0.914,0
1440,99.27,30.05,351.42,278.51,0.9175,0
1441,98.96,30.3,352.36,278.14,0.9206,0
1442,100.1,30.31,352.27,277.81,0.9155,0
1443,99.86,30.7,347.49,277.75,0.914,0
1444,99.78,30.69,345.76,278.94,0.9161,0
1445,99.22,30.79,345.21,278.03,0.9163,0
1446,99.4,30.86,344.13,278.2,0.9147,0
1447,99.94,31.34,341.72,278.23,0.9137,0
1448,99.87,31.04,342.35,279.2,0.9129,0
1449,99.48,31.17,340.32,280.88,0.9158,0
1450,99.75,31.32,342.46,278.9,0.9116,0
1451,99.11,31.55,341.36,279.0,0.9151,0
1452,99.14,31.7,341.37,279.19,0.9145,0
1453,98.81,31.82,341.89,279.58,0.9158,0
1454,99.23,31.32,344.71,279.53,0.9139,0
1455,98.89,31.45,351.74,279.04,0.9138,0
1456,98.69,31.96,344.81,280.29,0.9108,0
1457,98.09,31.62,347.04,281.22,0.9133,0
1458,98.1,31.59,350.93,280.78,0.9133,0
1459,98.08,31.82,350.97,281.23,0.9129,0
1460,97.86,32.0,350.61,281.58,0.9126,0
1461,98.3,32.14,349.62,281.06,0.9112,0
1462,98.52,32.01,351.76,278.75,0.9152,0
1463,97.79,32.65,350.78,276.93,0.9154,0
1464,97.71,32.88,351.48,276.74,0.9175,0
1465,98.04,32.78,352.28,276.51,0.9222,0
1466,97.93,33.04,350.2,275.62,0.9192,0
1467,97.77,33.04,350.5,275.83,0.9203,0
1468,97.89,33.37,348.3,275.84,0.9176,0
1469,97.91,33.61,345.5,276.12,0.9158,0
1470,97.9,34.22,342.75,276.38,0.9154,0
1471,97.36,34.39,343.63,276.84,0.9169,0
1472,97.25,34.6,344.05,276.9,0.9175,0
1473,97.35,35.38,342.6,276.89,0.9175,0
1474,97.14,35.21,342.79,276.71,0.9165,0
1475,97.04,35.7,344.65,276.04,0.9176,0
1476,97.11,36.4,341.03,276.93,0.9141,0
1477,96.94,36.57,340.38,277.48,0.9147,0
1478,96.64,37.07,341.19,277.24,0.916,0
1479,96.6,37.27,340.81,277.41,0.9154,0
1480,96.88,38.61,341.25,278.17,0.9138,0
1481,96.82,38.0,341.18,279.06,0.914,0
1482,96.58,39.33,341.15,279.44,0.916,0
1483,96.92,39.41,341.68,280.65,0.9168,0
1484,96.73,40.76,340.77,281.48,0.9151,0
1485,96.73,41.52,340.8,280.53,0.9128,0
1486,96.72,41.83,340.34,281.09,0.9117,0
1487,96.68,42.42,340.12,280.87,0.9104,0
1488,96.99,43.04,340.09,280.42,0.9105,0
1489,96.83,43.28,339.94,280.42,0.9103,0
1490,97.06,43.04,339.7,279.25,0.9117,0
1491,97.32,43.17,339.61,279.79,0.9105,0
1492,97.5,42.16,339.6,279.49,0.909,0
1493,97.21,41.89,339.52,281.59,0.9122,0
1494,97.43,42.18,339.74,282.54,0.9113,0
1495,97.36,42.96,339.66,284.1,0.9144,0
1496,97.44,42.63,339.81,284.78,0.917,0
1497,98.12,43.34,340.05,284.94,0.9143,0
1498,98.09,43.98,340.05,284.76,0.9146,0
1499,98.54,44.01,340.01,285.69,0.9178,0
1500,98.76,43.82,339.83,284.23,0.9151,0
1501,99.1,43.81,340.11,286.22,0.9198,0
1502,99.04,44.22,340.71,287.01,0.9245,0
1503,99.18,44.0,340.3,287.78,0.9242,0
1504,99.27,44.33,340.1,287.42,0.9247,0
1505,99.62,44.51,340.23,288.34,0.9234,0
1506,99.6,44.81,340.48,289.48,0.9239,0
1507,99.78,45.15,340.83,289.78,0.9228,0
1508,100.54,45.07,341.03,289.18,0.9208,0
1509,101.15,45.26,340.77,288.37,0.9157,0
1510,100.98,45.26,341.0,289.04,0.9177,0
1511,100.94,45.32,340.99,289.34,0.919,0
1512,101.55,45.29,340.85,288.8,0.9178,0
1513,101.34,45.35,340.91,287.9,0.9149,0
1514,101.82,45.47,340.92,287.02,0.9146,0
1515,102.03,45.63,340.87,287.93,0.9113,0
1516,102.0,45.72,340.79,288.41,0.9148,0
1517,101.81,45.6,341.17,288.29,0.9147,0
1518,101.6,45.58,340.94,289.16,0.9212,0
1519,101.86,45.43,340.91,288.53,0.923,0
1520,101.91,45.12,341.0,289.44,0.925,0
1521,101.91,45.42,341.26,289.53,0.9267,0
1522,102.0,45.26,341.44,289.72,0.9275,0
1523,102.14,45.26,341.51,289.12,0.9265,0
1524,102.03,45.59,341.55,288.97,0.926,0
1525,102.57,45.83,342.59,289.54,0.9255,0
1526,102.45,45.91,341.88,289.28,0.9248,0
1527,102.95,46.22,342.19,289.44,0.9243,0
1528,103.01,46.15,342.11,289.4,0.9239,0
1529,103.15,45.93,342.45,289.94,0.9225,0
1530,103.52,46.02,342.07,290.08,0.9209,0
1531,103.84,45.94,342.12,289.82,0.923,0
1532,103.9,46.03,341.91,289.68,0.9214,0
1533,104.21,46.04,342.2,289.37,0.9194,0
1534,104.1,46.04,342.16,290.39,0.9227,0
1535,104.18,45.67,342.39,289.26,0.9211,0
1536,104.36,45.94,342.34,288.02,0.9168,0
1537,104.17,46.02,342.1,288.6,0.9174,0
1538,104.27,46.11,341.95,287.82,0.9164,0
1539,104.34,46.12,342.07,287.76,0.9171,0
1540,104.49,46.35,342.06,286.45,0.9168,0
1541,104.49,46.46,342.4,286.12,0.9146,0
1542,104.37,46.46,342.43,285.96,0.9165,0
1543,104.37,46.55,342.61,285.75,0.9176,0
1544,104.68,46.56,342.58,285.54,0.9129,0
1545,104.57,46.73,343.1,284.79,0.9123,0
1546,104.68,46.74,342.97,284.4,0.9121,0
1547,104.78,46.7,343.17,284.3,0.9098,0
1548,104.9,46.12,343.61,283.46,0.9049,0
1549,104.7,46.17,343.25,284.09,0.9024,0
1550,104.77,46.44,342.96,284.44,0.8997,0
1551,104.62,46.35,342.56,284.81,0.9008,0
1552,104.87,46.24,343.56,284.81,0.9008,0
1553,104.41,43.66,343.23,286.83,0.9,0
1554,105.03,44.66,342.03,284.51,0.9009,0
1555,104.82,44.89,343.36,285.83,0.9027,0
1556,104.91,44.95,342.66,285.8,0.9033,0
1557,104.92,45.06,342.76,285.9,0.9044,0
1558,105.14,44.9,343.16,288.3,0.9064,0
1559,105.1,44.14,344.54,290.21,0.9138,0
1560,105.15,43.88,343.67,290.28,0.9152,0
1561,104.92,42.02,342.97,291.01,0.9193,0
1562,105.24,41.72,343.08,290.91,0.9174,0
1563,105.28,40.92,343.06,292.0,0.9203,0
1564,105.17,40.83,342.69,291.33,0.9173,0
1565,105.24,39.4,343.67,291.87,0.9196,0
1566,104.85,39.01,341.81,292.86,0.9238,0
1567,104.79,38.71,341.85,293.15,0.9245,0
1568,104.9,37.61,341.85,293.0,0.9247,0
1569,104.6,36.71,342.41,292.74,0.9275,0
1570,104.67,36.37,343.56,292.86,0.9276,0
1571,104.47,35.31,342.42,292.34,0.927,0
1572,104.57,35.01,341.68,292.01,0.9252,0
1573,104.62,34.81,341.78,292.8,0.9245,0
1574,104.53,34.72,341.37,292.12,0.9223,0
1575,104.52,33.45,341.04,292.89,0.9242,0
1576,104.39,32.05,341.58,293.36,0.9272,0
1577,104.38,30.36,342.67,293.35,0.9261,0
1578,104.18,29.83,342.94,292.86,0.9253,0
1579,104.36,29.37,343.61,292.73,0.9229,0
1580,104.29,28.52,343.26,293.02,0.9202,0
1581,104.5,27.99,343.83,292.9,0.9185,0
1582,104.49,27.16,344.2,292.79,0.9208,0
1583,104.35,26.21,344.15,292.68,0.9194,0
1584,104.35,26.06,343.99,293.88,0.9159,0
1585,104.36,25.08,343.72,293.66,0.9137,0
1586,104.23,23.98,343.4,293.4,0.9154,0
1587,104.19,23.2,343.49,293.69,0.9148,0
1588,103.97,23.1,343.16,293.87,0.9139,0
1589,104.0,22.96,344.99,293.71,0.9142,0
1590,103.87,21.59,344.19,293.37,0.9163,0
1591,104.0,21.89,343.88,293.62,0.9187,0
1592,103.88,20.82,343.36,293.44,0.9217,0
1593,103.91,20.01,343.5,293.22,0.9206,0
1594,103.88,19.91,342.74,293.53,0.9205,0
1595,104.3,18.52,342.19,294.83,0.9255,0
1596,104.39,18.32,343.99,294.53,0.9226,0
1597,104.53,18.65,347.64,294.37,0.9201,0
1598,104.52,17.85,346.83,295.15,0.9235,0
1599,104.71,16.66,346.3,294.72,0.9229,0
1600,104.42,16.43,347.7,294.54,0.924,0
1601,104.53,15.32,349.86,294.93,0.923,0
1602,104.54,14.57,348.68,295.46,0.922,0
1603,104.42,14.22,347.92,295.41,0.9218,0
1604,104.69,13.85,351.3,295.24,0.9213,0
1605,104.51,13.39,348.2,294.77,0.9204,0
1606,104.45,12.84,349.48,295.6,0.9157,0
1607,104.49,12.54,352.36,295.29,0.9173,0
1608,104.45,12.0,349.27,295.42,0.9158,0
1609,104.54,11.42,347.74,295.5,0.9191,0
1610,104.53,11.06,350.63,295.76,0.9197,0
1611,104.39,10.58,348.82,295.92,0.9191,0
1612,104.33,10.45,353.08,296.12,0.9154,0
1613,103.83,13.86,352.25,296.67,0.9137,0
1614,103.96,13.74,351.83,296.67,0.9121,0
1615,103.79,13.16,351.47,296.61,0.9133,0
1616,103.88,12.78,350.98,296.45,0.913,0
1617,103.95,12.63,351.17,296.44,0.914,0
1618,103.78,12.15,353.26,296.55,0.9146,0
1619,104.05,12.19,351.91,296.23,0.9151,0
1620,104.04,11.31,351.76,296.32,0.914,0
1621,103.87,11.05,346.87,295.99,0.9117,0
1622,103.72,10.36,350.23,296.62,0.915,0
1623,103.56,10.01,351.9,297.03,0.9155,0
1624,103.62,9.95,351.47,297.4,0.9161,0
1625,103.89,9.31,349.66,297.46,0.916,0
1626,103.82,8.02,348.74,297.46,0.9166,0
1627,103.99,7.7,348.61,297.18,0.9167,0
1628,103.72,6.79,351.1,297.92,0.9208,0
1629,103.75,6.64,351.11,298.11,0.9197,0
1630,103.58,6.79,350.71,298.05,0.9185,0
1631,103.02,6.61,350.11,296.77,0.9166,0
1632,103.63,6.54,344.58,296.9,0.9167,0
1633,103.81,6.43,342.75,296.2,0.9174,0
1634,103.89,6.21,343.44,297.11,0.9171,0
1635,103.49,6.33,343.79,296.1,0.9172,0
1636,103.54,4.5,348.45,296.46,0.9186,0
1637,103.53,4.95,347.72,296.52,0.9208,0
1638,103.48,4.01,349.95,296.32,0.9214,0
1639,103.57,3.73,350.06,296.75,0.9224,0
1640,103.33,3.28,350.84,296.32,0.9243,0
1641,102.97,2.91,351.45,297.56,0.9296,0
1642,102.97,2.85,351.24,296.64,0.9292,0
1643,102.7,2.49,352.28,296.95,0.9304,0
1644,101.81,2.41,351.39,296.42,0.9255,0
1645,101.76,1.69,352.19,297.01,0.9271,0
1646,101.7,1.38,353.15,298.73,0.9304,0
1647,101.7,1.29,352.83,297.5,0.9276,0
1648,101.28,1.25,354.07,298.16,0.9281,0
1649,101.19,0.81,354.33,297.57,0.9288,0
1650,101.17,0.6,353.63,297.02,0.9273,0
1651,100.88,0.74,353.85,296.83,0.9279,0
1652,100.57,0.63,354.23,297.38,0.9317,0
1653,100.23,0.19,353.7,296.4,0.9314,0
1654,99.87,0.23,354.18,296.37,0.9317,0
1655,99.72,0.07,354.12,294.95,0.9308,0
1656,99.53,0.0,354.99,295.67,0.9297,0
1657,99.88,0.0,355.01,295.26,0.928,0
1658,99.8,0.0,355.09,296.01,0.9316,0
1659,99.74,0.0,354.77,296.61,0.9304,0
1660,99.44,0.0,355.17,297.89,0.9302,0
1661,99.86,0.0,353.72,298.13,0.9293,0
1662,99.81,0.0,354.1,298.59,0.9307,0
1663,99.46,0.0,353.87,298.86,0.928,0
1664,99.07,0.0,355.2,299.78,0.9277,0
1665,99.08,0.0,354.17,300.6,0.9265,0
1666,98.59,0.0,353.96,299.39,0.9296,0
1667,98.48,0.0,354.65,299.2,0.9316,0
1668,97.88,0.0,354.31,298.23,0.9291,0
1669,98.12,0.0,354.33,299.35,0.9284,0
1670,97.76,0.0,355.13,299.07,0.9303,0
1671,97.29,0.0,355.41,299.97,0.9266,0
1672,96.94,0.0,355.73,299.48,0.9238,0
1673,96.84,0.0,355.87,300.88,0.9279,0
1674,98.97,0.0,354.26,303.45,0.928,0
1675,99.22,0.0,354.56,305.16,0.9282,0
1676,96.85,0.0,357.13,304.7,0.9273,0
1677,98.65,0.0,357.66,307.65,0.9254,0
1678,98.8,0.0,358.98,307.37,0.9263,0
1679,97.01,0.0,361.97,307.85,0.9303,0
1680,96.78,0.0,361.83,307.56,0.9298,0
1681,96.32,0.0,362.41,308.73,0.9293,0
1682,95.41,0.0,362.58,310.09,0.9282,0
1683,95.73,0.0,364.06,310.42,0.9299,0
1684,95.43,0.0,363.69,309.74,0.9293,0
1685,95.49,0.0,364.22,310.6,0.93,0
1686,95.59,0.0,363.84,310.82,0.9311,0
1687,95.55,0.0,363.97,311.83,0.9308,0
1688,94.77,0.0,364.42,313.12,0.9306,0
1689,94.92,0.0,365.46,313.83,0.9336,0
1690,94.99,0.0,366.73,314.22,0.9333,0
1691,95.11,0.0,366.51,314.54,0.9337,0
1692,95.3,0.0,363.31,313.29,0.9336,0
1693,95.11,0.0,362.08,312.85,0.9358,0
1694,94.64,0.0,360.34,312.77,0.9361,0
1695,94.59,0.0,359.94,312.67,0.9377,0
1696,94.42,0.0,365.56,313.52,0.9353,0
1697,93.94,0.0,367.8,313.96,0.9393,0
1698,93.73,0.0,368.24,315.21,0.9388,0
1699,93.61,0.0,369.13,317.04,0.9365,0
1700,93.17,0.0,369.79,317.63,0.9327,0
1701,92.67,0.0,369.69,317.69,0.9333,0
1702,92.41,0.0,370.16,316.59,0.9334,0
1703,92.71,0.0,369.64,316.67,0.9349,0
1704,92.52,0.0,369.58,315.49,0.9366,0
1705,92.61,0.0,367.9,315.25,0.9377,0
1706,91.95,0.0,369.84,316.48,0.9332,0
1707,92.2,0.0,370.52,317.4,0.9306,0
1708,92.21,0.0,370.62,318.02,0.9285,0
1709,91.97,0.0,370.83,316.51,0.9296,0
1710,92.14,0.0,370.53,316.83,0.9297,0
1711,91.48,0.0,371.06,317.49,0.9309,0
1712,91.3,0.0,371.46,317.22,0.9298,0
1713,91.19,0.0,371.42,316.73,0.9299,0
1714,91.11,0.0,371.04,317.79,0.9308,0
1715,91.16,0.0,372.56,321.04,0.9291,0
1716,90.86,0.0,372.23,321.34,0.9285,0
1717,90.89,0.0,372.56,322.26,0.9274,0
1718,90.74,0.0,372.83,326.56,0.9251,0
1719,90.84,0.0,373.42,327.42,0.9231,0
1720,90.15,0.0,373.24,328.89,0.9234,0
1721,90.05,0.0,373.07,328.1,0.9283,0
1722,88.8,0.0,374.99,327.9,0.9275,0
1723,88.7,0.0,374.39,327.34,0.9285,0
1724,88.54,0.0,374.53,327.92,0.9254,0
1725,88.4,0.0,375.06,329.98,0.9204,0
1726,88.97,0.0,375.36,330.01,0.9211,0
1727,88.69,0.0,376.18,330.37,0.9211,0
1728,88.38,0.0,376.87,329.06,0.9194,0
1729,88.39,0.75,379.67,330.05,0.9209,0
1730,88.38,1.0,379.07,328.56,0.9205,0
1731,92.87,0.19,384.68,324.47,0.9207,0
1732,92.68,0.88,386.53,325.16,0.9221,0
1733,93.03,1.4,388.28,324.83,0.9223,0
1734,92.68,0.56,388.84,326.38,0.9225,0
1735,92.55,0.86,390.11,327.01,0.9236,0
1736,92.37,1.11,391.24,327.52,0.9257,0
1737,92.16,0.0,391.34,324.72,0.9211,0
1738,91.94,0.37,390.99,324.24,0.9178,0
1739,91.4,1.01,392.96,324.9,0.9153,0
1740,91.39,2.62,395.23,324.44,0.9195,0
1741,91.06,2.49,394.97,323.43,0.9196,0
1742,90.95,1.75,396.98,322.12,0.9187,0
1743,90.99,2.72,398.12,324.29,0.9188,0
1744,90.8,2.48,398.66,325.97,0.922,0
1745,90.43,1.3,399.4,324.7,0.9181,0
1746,89.7,1.02,401.92,324.91,0.922,0
1747,89.83,1.33,403.3,326.19,0.9303,0
1748,89.36,1.29,404.43,326.06,0.9305,0
1749,89.41,1.68,405.13,327.81,0.932,0
1750,88.79,1.24,405.53,328.19,0.9284,0
1751,89.73,1.44,406.44,328.89,0.9323,0
1752,89.81,2.48,408.46,327.79,0.9321,0
1753,89.7,2.21,409.19,327.72,0.9293,0
1754,89.38,1.51,415.93,330.8,0.9318,0
1755,89.48,2.05,417.14,330.71,0.9325,0
1756,89.06,1.57,417.94,330.47,0.9325,0
1757,88.52,1.4,419.56,329.74,0.9305,0
1758,89.21,1.32,420.3,330.19,0.9338,0
1759,88.5,1.53,421.28,329.47,0.9323,0
1760,88.71,1.86,419.45,328.37,0.9327,0
1761,88.6,1.71,422.65,328.67,0.9321,0
1762,89.26,2.68,423.48,327.51,0.9274,0
1763,88.84,2.71,426.87,328.16,0.9294,0
1764,88.04,3.37,429.36,327.11,0.9285,0
1765,88.41,4.59,431.88,328.39,0.9299,0
1766,88.2,4.61,433.63,327.87,0.931,0
1767,87.38,4.77,435.41,327.42,0.9321,0
1768,87.23,5.55,436.44,328.06,0.932,0
1769,87.58,7.23,437.69,327.64,0.9329,0
1770,87.57,7.61,434.94,327.96,0.9325,0
1771,87.04,7.86,437.22,327.38,0.9306,0
1772,86.87,8.22,437.5,327.19,0.9291,0
1773,86.5,8.58,437.89,327.07,0.9272,0
1774,86.79,8.66,438.7,326.51,0.9283,0
1775,86.55,8.58,444.53,327.38,0.9245,0
1776,86.27,8.64,446.23,327.44,0.9256,0
1777,86.03,8.66,452.32,328.1,0.9259,0
1778,86.36,8.89,447.93,328.78,0.9224,0
1779,86.04,9.18,451.47,328.46,0.9184,0
1780,86.27,10.12,454.3,328.51,0.9131,0
1781,85.99,10.48,455.22,328.58,0.9144,0
1782,85.99,10.54,455.8,328.5,0.9119,0
1783,85.99,11.13,455.65,329.26,0.9055,0
1784,85.99,11.83,453.95,329.11,0.8968,0
1785,85.98,12.27,453.92,329.68,0.8877,0
1786,85.38,12.97,456.17,329.81,0.8858,0
1787,85.04,15.59,456.53,330.78,0.8776,0
1788,85.67,17.49,452.09,330.94,0.8772,0
1789,83.69,18.81,456.14,327.93,0.8787,0
1790,84.22,18.81,456.73,327.52,0.8769,0
1791,84.18,19.4,457.45,328.27,0.878,0
1792,82.58,19.59,453.08,328.15,0.8756,0
1793,82.49,20.46,453.27,327.66,0.8805,0
1794,82.15,20.76,456.89,327.48,0.8798,0
1795,81.5,21.79,461.25,328.53,0.8796,0
1796,80.96,21.6,467.31,329.65,0.8805,0
1797,81.83,21.91,463.38,328.84,0.8792,0
1798,84.93,22.46,468.2,329.28,0.8809,0
1799,85.32,23.48,468.6,329.01,0.8857,0
1800,84.56,24.5,471.72,329.09,0.8883,0
1801,84.21,25.09,473.24,330.34,0.8908,0
1802,85.31,25.49,475.39,330.82,0.8897,0
1803,87.45,25.73,470.59,331.63,0.8881,0
1804,87.3,25.71,470.25,331.44,0.8877,0
1805,86.46,25.85,470.44,330.66,0.8845,0
1806,88.43,25.87,466.27,331.58,0.8878,0
1807,88.06,25.74,469.44,332.05,0.887,0
1808,88.78,26.1,473.02,332.02,0.894,0
1809,89.24,26.45,475.28,331.74,0.8956,0
1810,88.75,26.96,478.55,331.57,0.8976,0
1811,88.74,27.24,478.15,331.37,0.8958,0
1812,87.89,28.26,480.7,331.4,0.8966,0
1813,87.71,27.79,478.99,331.69,0.8988,0
1814,88.13,28.26,478.66,331.48,0.8956,0
1815,87.58,28.89,478.54,331.46,0.8958,0
1816,88.12,29.35,479.17,331.29,0.8921,0
1817,87.85,28.93,479.02,331.37,0.8932,0
1818,87.66,30.36,478.85,331.65,0.899,0
1819,87.43,31.62,479.71,331.89,0.9008,0
1820,86.2,32.18,479.44,331.72,0.9011,0
1821,85.83,33.14,478.81,331.61,0.8976,0
1822,85.78,33.62,478.95,331.81,0.8972,0
1823,85.84,35.43,480.02,331.49,0.8953,0
1824,85.73,36.07,479.68,331.59,0.8944,0
1825,85.61,35.86,479.11,331.97,0.8956,0
1826,84.71,35.48,479.44,331.53,0.8937,0
1827,84.31,34.82,480.98,331.84,0.8899,0
1828,84.39,34.31,478.1,331.75,0.8883,0
1829,84.24,35.63,483.32,331.3,0.8897,0
1830,83.93,36.06,484.22,330.92,0.8912,0
1831,83.7,36.04,487.09,330.84,0.8921,0
1832,83.31,35.3,486.62,331.07,0.8875,0
1833,82.94,34.82,488.51,330.84,0.8888,0
1834,83.76,34.58,490.14,330.75,0.892,0
1835,83.61,34.57,488.78,331.12,0.8898,0
1836,83.49,35.36,489.15,330.63,0.8904,0
1837,83.72,35.92,490.85,330.82,0.8931,0
1838,84.13,37.26,488.19,330.72,0.8855,0
1839,83.86,37.01,486.7,331.69,0.8777,0
1840,83.69,37.56,487.41,332.12,0.8833,0
1841,83.71,38.91,487.31,332.03,0.8815,0
1842,83.63,38.76,487.56,331.97,0.8789,0
1843,84.64,39.39,491.5,332.25,0.8785,0
1844,85.3,39.41,492.82,332.78,0.8785,0
1845,84.78,40.56,490.2,332.88,0.8776,0
1846,84.72,40.21,485.82,333.3,0.8765,0
1847,84.62,40.33,487.75,333.34,0.8789,0
1848,84.14,40.69,488.41,333.04,0.8825,0
1849,83.74,41.1,492.81,333.22,0.8819,0
1850,84.05,41.22,492.63,333.37,0.882,0
1851,83.98,42.04,495.09,333.24,0.8822,0
1852,83.89,42.2,495.76,333.3,0.8783,0
1853,83.95,42.48,493.11,333.1,0.8813,0
1854,83.82,42.82,492.64,332.64,0.8833,0
1855,83.75,43.03,491.36,332.28,0.8816,0
1856,82.09,43.3,491.8,332.03,0.8809,0
1857,82.92,43.65,492.58,333.34,0.8838,0
1858,81.76,44.34,493.36,332.78,0.8884,0
1859,81.42,43.98,496.35,333.12,0.8922,0
1860,80.52,44.18,496.07,333.33,0.8913,0
1861,80.48,44.65,497.04,333.22,0.894,0
1862,80.38,44.54,496.55,333.21,0.8943,0
1863,80.55,44.78,501.06,333.64,0.9029,0
1864,80.48,44.84,504.42,334.09,0.901,0
1865,80.89,45.64,504.68,333.47,0.8985,0
1866,80.4,45.47,501.88,333.49,0.8958,0
1867,80.47,45.88,501.04,333.52,0.8946,0
1868,81.5,46.05,497.02,333.11,0.8899,0
1869,81.15,46.12,495.27,333.39,0.8929,0
1870,80.31,45.88,493.49,334.08,0.8957,0
1871,80.69,46.07,492.25,333.45,0.8971,0
1872,80.7,46.01,490.51,333.88,0.8968,0
1873,79.4,45.83,492.08,332.71,0.8998,0
1874,79.19,45.85,490.77,332.24,0.8967,0
1875,78.86,45.69,495.78,332.5,0.9034,0
1876,79.51,45.29,494.36,332.78,0.9035,0
1877,78.76,45.24,494.63,332.55,0.9027,0
1878,78.83,44.73,495.17,332.39,0.9023,0
1879,78.89,44.77,492.59,331.86,0.9043,0
1880,79.64,44.19,494.28,332.93,0.9045,0
1881,79.79,43.92,495.48,332.78,0.9088,0
1882,80.8,43.64,496.42,332.79,0.9113,0
1883,81.58,42.92,494.97,334.28,0.9099,0
1884,81.95,42.64,491.91,334.48,0.9093,0
1885,82.8,43.09,495.74,332.83,0.9119,0
1886,82.87,42.89,496.17,333.33,0.9129,0
1887,83.36,42.89,493.04,332.66,0.9102,0
1888,82.71,42.82,490.63,332.64,0.9097,0
1889,82.51,42.74,493.1,332.14,0.9114,0
1890,82.84,42.39,494.56,332.77,0.9125,0
1891,83.02,42.18,492.86,333.12,0.9084,0
1892,81.73,42.5,490.02,333.05,0.9091,0
1893,80.67,42.07,491.4,333.54,0.91,0
1894,80.87,41.9,489.45,334.31,0.9101,0
1895,80.71,41.47,489.35,334.24,0.9094,0
1896,80.64,41.18,490.28,333.4,0.9091,0
1897,80.64,41.48,486.61,334.67,0.9059,0
1898,80.87,40.64,486.96,335.7,0.905,0
1899,82.28,40.37,488.49,336.8,0.9058,0
1900,81.2,39.32,488.92,335.09,0.9078,0
1901,81.33,38.81,490.7,335.26,0.9046,0
1902,80.85,38.64,490.53,336.06,0.9066,0
1903,80.39,38.23,490.92,335.85,0.909,0
1904,81.0,37.53,493.8,335.58,0.9061,0
1905,80.95,37.25,494.75,336.37,0.9046,0
1906,80.68,36.86,498.44,337.07,0.9059,0
1907,80.89,36.24,497.02,337.47,0.9043,0
1908,81.8,36.17,495.42,335.33,0.8988,0
1909,81.78,36.25,493.56,334.39,0.9022,0
1910,82.1,35.81,493.42,333.84,0.8996,0
1911,81.94,36.22,492.51,332.97,0.9003,0
1912,83.2,36.09,491.71,332.9,0.9003,0
1913,82.98,36.48,489.21,332.53,0.8976,0
1914,81.67,36.64,491.04,335.2,0.9059,0
1915,81.8,35.92,488.52,335.2,0.9068,0
1916,81.41,35.9,489.12,335.02,0.9062,0
1917,81.07,34.91,489.14,335.17,0.9034,0
1918,79.94,35.2,488.71,336.59,0.8991,0
1919,80.95,34.41,486.22,336.23,0.8992,0
1920,76.74,34.0,481.19,336.37,0.897,0
1921,75.1,34.35,480.84,335.18,0.8995,0
1922,74.34,34.12,480.49,336.07,0.8952,0
1923,76.86,32.08,481.39,338.02,0.8927,0
1924,77.84,31.4,480.83,336.88,0.8995,0
1925,77.77,31.57,479.35,336.1,0.8975,0
1926,77.83,31.15,477.42,337.24,0.8987,0
1927,77.09,31.83,474.34,334.66,0.9013,0
1928,79.95,32.58,471.64,332.37,0.8995,0
1929,79.9,30.88,470.24,332.85,0.9038,0
1930,80.75,30.03,469.3,332.38,0.907,0
1931,80.53,30.47,468.1,331.89,0.9073,0
1932,79.11,30.68,467.27,332.16,0.9011,0
1933,79.3,30.34,465.06,332.13,0.8999,0
1934,80.23,27.68,462.16,332.07,0.8949,0
1935,79.64,27.16,462.06,332.39,0.8929,0
1936,80.66,28.09,461.15,332.25,0.893,0
1937,81.14,28.72,455.53,331.9,0.8927,0
1938,83.54,27.32,459.26,337.13,0.8979,0
1939,83.23,26.99,459.03,337.77,0.8996,0
1940,83.35,27.78,454.83,336.36,0.9045,0
1941,83.21,28.08,451.44,334.31,0.9115,0
1942,84.04,29.12,445.96,334.71,0.915,0
1943,84.17,28.19,444.42,333.88,0.9171,0
1944,84.43,28.6,443.06,331.14,0.9102,0
1945,85.08,27.76,441.99,332.4,0.9119,0
1946,85.5,28.29,438.48,331.96,0.9143,0
1947,85.38,28.52,441.33,331.56,0.9099,0
1948,86.17,28.76,438.76,330.65,0.9101,0
1949,86.58,31.34,440.04,331.25,0.9065,0
1950,86.39,32.08,432.33,330.61,0.9119,0
1951,87.64,31.46,430.58,329.89,0.9176,0
1952,88.11,32.48,426.75,328.4,0.9187,0
1953,89.11,33.09,424.39,327.44,0.9184,0
1954,89.63,35.37,425.4,325.41,0.9082,0
1955,89.35,35.44,424.7,327.55,0.9095,0
1956,89.41,35.66,440.56,325.64,0.8954,0
1957,89.74,36.44,424.57,323.49,0.9036,0
1958,90.65,35.98,408.68,327.05,0.9126,0
1959,90.48,35.97,404.87,325.2,0.9132,0
1960,91.39,36.2,402.79,325.86,0.9102,0
1961,90.15,36.8,391.14,325.87,0.9131,0
1962,88.72,37.44,373.58,327.65,0.9284,0
1963,90.94,38.3,394.08,323.3,0.916,0
1964,90.82,40.9,386.17,321.96,0.9204,0
1965,91.25,40.83,352.32,325.85,0.9338,0
1966,91.61,40.69,357.78,327.56,0.9335,0
1967,92.94,41.34,351.77,327.29,0.9262,0
1968,93.56,42.56,353.03,325.98,0.9172,0
1969,92.62,44.44,383.92,321.8,0.9205,0
1970,92.44,44.9,379.21,321.01,0.9238,0
1971,93.07,45.53,376.57,321.74,0.9284,0
1972,93.27,46.56,376.58,321.05,0.9255,0
1973,93.74,46.58,375.12,320.76,0.9225,0
1974,94.52,48.15,372.07,320.65,0.9229,0
1975,94.68,49.03,371.34,321.39,0.9228,0
1976,94.86,49.69,369.77,321.21,0.9226,0
1977,94.86,52.7,368.44,322.2,0.9253,0
1978,94.64,54.22,368.06,320.89,0.9282,0
1979,95.74,54.13,360.67,322.37,0.9201,0
1980,95.93,55.35,359.95,323.67,0.9279,0
1981,96.36,55.46,358.03,322.79,0.9219,0
1982,98.01,52.14,348.57,326.07,0.9104,0
1983,98.78,52.46,351.72,326.83,0.9151,0
1984,99.69,53.82,352.04,324.39,0.9131,0
1985,99.27,56.5,348.17,324.14,0.912,0
1986,98.11,56.82,350.89,323.87,0.9111,0
1987,100.22,55.14,349.68,323.99,0.9162,0
1988,100.09,56.62,338.69,323.8,0.9117,0
1989,100.82,58.66,343.08,324.24,0.9134,0
1990,101.61,59.39,343.9,325.96,0.9113,0
1991,100.39,60.01,343.69,327.35,0.9192,0
1992,101.64,60.09,341.89,327.4,0.9183,0
1993,101.82,60.62,340.98,329.01,0.916,0
1994,101.76,60.97,336.52,328.18,0.9119,0
1995,101.41,61.2,336.88,327.31,0.9119,0
1996,102.84,63.55,336.46,325.97,0.9082,0
1997,101.62,63.71,331.69,327.21,0.9133,0
1998,102.35,64.35,334.35,326.96,0.9105,0
1999,102.85,66.09,335.29,327.07,0.9067,0
2000,103.72,66.48,331.46,326.19,0.9043,0
2001,104.31,67.09,332.29,325.61,0.9014,0
2002,103.6,66.19,331.15,326.14,0.9009,0
2003,103.95,67.64,331.2,325.56,0.8988,0
2004,104.47,69.16,334.78,326.29,0.9045,0
2005,105.54,70.45,334.58,326.74,0.9082,0
2006,106.03,71.76,335.41,326.87,0.8904,0
2007,106.07,72.0,333.83,326.2,0.8932,0
2008,107.09,73.25,337.02,325.5,0.8976,0
2009,107.15,74.19,336.26,324.7,0.8977,0
2010,107.58,75.9,337.06,324.9,0.8989,0
2011,107.49,76.56,336.14,324.82,0.8944,0
2012,108.06,76.43,334.72,325.73,0.8913,0
2013,108.19,76.43,335.25,326.45,0.8975,0
2014,108.5,77.58,334.34,326.06,0.8868,0
2015,108.93,77.19,334.01,326.31,0.887,0
2016,108.73,79.47,338.14,327.06,0.8956,0
2017,108.57,76.29,333.84,325.74,0.8923,0
2018,108.83,78.62,333.68,325.62,0.8873,0
2019,109.67,83.74,338.37,325.03,0.8745,0
2020,109.58,81.18,338.37,322.28,0.8687,0
2021,109.42,84.84,337.96,323.35,0.8771,0
2022,109.62,85.34,337.52,323.8,0.8779,0
2023,109.47,86.71,337.95,323.8,0.8654,0
2024,109.76,87.18,339.87,322.11,0.8665,0
2025,110.52,87.22,339.56,322.71,0.8662,0
2026,110.59,87.46,339.05,323.13,0.8838,0
2027,110.92,87.13,339.59,323.11,0.8829,0
2028,110.75,86.92,339.02,323.55,0.8854,0
2029,110.52,87.83,338.3,323.27,0.8851,0
2030,110.53,88.37,338.54,322.22,0.8878,0
2031,111.04,88.24,338.48,322.09,0.8874,0
2032,111.49,89.45,339.11,321.39,0.887,0
2033,112.01,90.15,339.67,322.0,0.8813,0
2034,113.08,89.49,339.28,320.08,0.8762,0
2035,111.24,89.47,333.73,320.01,0.8765,0
2036,111.59,89.77,334.19,320.33,0.8777,0
2037,111.44,89.93,334.24,320.02,0.8767,0
2038,113.32,91.24,340.29,318.97,0.8764,0
2039,113.08,90.75,338.96,319.4,0.8749,0
2040,112.36,89.44,332.85,318.72,0.8773,0
2041,113.82,89.08,331.97,318.57,0.8883,0
2042,113.49,89.7,332.17,318.77,0.8927,0
2043,113.67,90.44,333.13,318.08,0.898,0
2044,113.63,90.99,334.0,317.42,0.9032,0
2045,114.23,91.34,333.31,316.84,0.9025,0
2046,114.49,91.23,332.05,316.61,0.9018,0
2047,115.16,92.71,331.93,316.21,0.8962,0
2048,115.97,92.53,330.44,316.58,0.8951,0
2049,116.46,92.62,332.26,316.73,0.8953,0
2050,116.48,92.33,333.92,316.07,0.8915,0
2051,117.15,91.91,331.07,316.15,0.8831,0
2052,117.97,91.96,321.19,316.39,0.8746,0
2053,115.21,92.16,317.25,316.82,0.8747,0
2054,115.31,92.1,315.64,317.28,0.874,0
2055,114.77,91.78,320.84,315.59,0.8685,0
2056,115.91,91.48,326.48,315.29,0.8674,0
2057,116.68,91.84,333.67,315.6,0.8843,0
2058,117.07,91.52,333.53,315.12,0.8814,0
2059,118.19,90.87,333.41,314.32,0.8887,0
2060,118.17,90.97,334.16,314.22,0.89,0
2061,116.92,91.14,336.11,315.01,0.8955,0
2062,116.67,90.84,337.43,314.86,0.9022,0
2063,117.17,90.35,334.61,313.81,0.8981,0
2064,117.47,89.64,326.49,313.46,0.8885,0
2065,117.95,89.9,333.29,312.68,0.8978,0
2066,117.86,89.76,331.65,313.26,0.896,0
2067,115.77,88.99,323.31,313.97,0.8932,0
2068,117.28,89.15,329.13,313.3,0.8874,0
2069,115.45,88.34,324.51,314.02,0.8861,0
2070,119.41,87.62,315.99,314.17,0.893,0
2071,120.44,87.99,337.36,314.17,0.8919,0
2072,121.75,87.98,337.17,314.37,0.891,0
2073,121.31,88.07,337.23,313.88,0.8889,0
2074,121.07,88.01,337.02,313.4,0.8928,0
2075,121.69,87.84,336.24,312.22,0.8977,0
2076,121.72,87.19,336.57,313.38,0.9021,0
2077,121.72,86.98,337.33,313.73,0.9016,0
2078,122.08,86.81,338.32,312.89,0.9018,0
2079,121.55,86.1,337.85,313.94,0.9016,0
2080,122.26,85.63,337.18,313.65,0.9049,0
2081,121.66,85.27,336.19,313.68,0.9018,0
2082,122.26,85.31,333.95,313.18,0.8966,0
2083,121.74,84.95,333.71,313.16,0.8977,0
2084,121.6,84.68,331.13,313.56,0.8968,0
2085,121.81,83.73,334.37,313.62,0.9002,0
2086,122.39,83.37,336.16,314.17,0.8998,0
2087,122.44,82.73,336.03,313.63,0.9019,0
2088,122.55,82.88,336.16,313.78,0.9021,0
2089,122.12,81.38,334.96,313.23,0.9099,0
2090,121.4,80.84,335.75,312.52,0.9116,0
2091,121.58,80.42,335.45,312.38,0.9126,0
2092,121.85,79.58,334.32,312.57,0.9135,0
2093,121.77,79.03,334.53,313.1,0.9142,0
2094,121.32,78.86,334.7,312.84,0.9137,0
2095,121.03,78.28,335.87,313.03,0.915,0
2096,121.23,77.93,336.18,313.1,0.9163,0
2097,120.88,77.81,336.54,313.34,0.9175,0
2098,120.66,77.94,336.33,313.13,0.9183,0
2099,120.59,78.34,336.57,313.29,0.9181,0
2100,120.38,78.48,336.92,313.02,0.9183,0
2101,120.26,77.69,336.79,312.81,0.9198,0
2102,120.22,77.68,336.94,312.74,0.9199,0
2103,120.24,77.77,336.69,312.52,0.9187,0
2104,120.1,77.63,336.96,312.61,0.9201,0
2105,120.14,77.29,337.14,312.73,0.9206,0
2106,120.18,77.14,336.93,312.72,0.92,0
2107,120.18,76.32,337.01,313.03,0.9204,0
2108,120.51,76.15,336.55,312.91,0.9205,0
2109,120.68,75.84,336.05,312.64,0.9215,0
2110,120.88,75.69,335.8,312.76,0.9214,0
2111,120.83,75.24,335.39,312.63,0.9218,0
2112,120.84,75.22,335.36,312.69,0.9219,0
2113,121.1,75.09,335.04,312.45,0.9223,0
2114,121.37,74.13,334.71,312.77,0.9227,0
2115,121.49,74.2,333.61,312.39,0.9208,0
2116,121.2,73.8,333.91,312.73,0.9212,0
2117,121.48,73.8,333.73,312.38,0.9225,0
2118,121.01,73.35,333.69,312.44,0.9224,0
2119,121.73,73.13,335.01,311.76,0.9201,0
2120,120.95,73.33,333.24,311.89,0.92,0
2121,120.55,73.31,333.65,311.94,0.9197,0
2122,121.29,73.04,333.51,311.7,0.9198,0
2123,121.24,72.73,333.65,312.31,0.9185,0
2124,121.37,72.81,332.98,313.26,0.9163,0
2125,121.49,71.6,332.92,313.05,0.9169,0
2126,120.19,71.66,333.45,313.72,0.9118,0
2127,120.21,71.29,333.38,314.22,0.9126,0
2128,119.73,71.02,333.43,314.46,0.9121,0
2129,120.18,71.18,333.23,313.9,0.9121,0
2130,120.47,71.17,334.63,314.99,0.9108,0
2131,120.21,71.94,333.6,314.61,0.9079,0
2132,119.5,71.68,334.45,314.7,0.9049,0
2133,119.5,71.8,335.26,314.85,0.9053,0
2134,118.33,71.8,324.97,314.09,0.8993,0
2135,118.83,70.6,319.1,313.95,0.9041,0
2136,118.43,71.48,326.49,314.55,0.9069,0
2137,118.01,70.47,316.01,314.2,0.9086,0
2138,117.95,70.61,316.02,314.21,0.9085,0
2139,118.02,70.86,314.96,314.19,0.9087,0
2140,117.8,70.92,317.32,313.66,0.9091,0
2141,117.9,70.69,316.19,314.06,0.9086,0
2142,118.06,70.64,318.3,314.23,0.9088,0
2143,117.78,70.75,317.81,314.12,0.9086,0
2144,118.56,70.87,321.73,313.82,0.9098,0
2145,117.75,68.94,315.51,313.89,0.9097,0
2146,117.89,68.53,323.29,314.32,0.9084,0
2147,117.77,68.23,322.74,314.41,0.909,0
2148,117.62,67.88,322.78,313.81,0.9082,0
2149,117.54,67.39,326.51,314.13,0.9112,0
2150,118.13,68.29,331.89,314.41,0.9184,0
2151,118.12,67.89,327.79,314.09,0.9116,0
2152,118.07,68.26,332.54,314.27,0.92,0
2153,118.34,68.46,331.99,315.0,0.92,0
2154,118.63,69.51,332.9,314.72,0.9221,0
2155,118.79,69.43,332.79,314.43,0.9215,0
2156,118.55,68.98,332.66,314.6,0.9227,0
2157,118.16,69.25,332.91,314.78,0.9207,0
2158,117.74,69.82,333.07,314.99,0.9197,0
2159,117.49,69.78,333.09,314.69,0.9224,0
2160,118.03,69.13,332.93,314.81,0.9214,0
2161,117.38,69.39,333.19,314.74,0.9219,0
2162,116.5,69.5,333.98,314.02,0.9209,0
2163,116.83,68.99,333.69,314.51,0.9227,0
2164,117.25,68.58,333.14,314.59,0.9205,0
2165,117.33,68.79,333.37,314.71,0.9205,0
2166,116.07,68.96,333.86,315.07,0.9194,0
2167,116.02,67.64,333.9,315.08,0.9193,0
2168,116.77,68.06,333.54,314.69,0.9177,0
2169,117.25,67.53,333.96,314.32,0.9189,0
2170,115.86,68.14,333.93,314.52,0.9171,0
2171,115.89,68.11,334.18,314.72,0.9167,0
2172,116.31,66.58,334.13,314.67,0.9184,0
2173,115.98,66.58,334.02,314.61,0.9157,0
2174,115.97,66.7,334.06,314.89,0.917,0
2175,116.22,66.82,334.44,314.48,0.9179,0
2176,115.69,65.78,334.45,314.74,0.9174,0
2177,115.73,64.82,334.3,314.8,0.9177,0
2178,115.27,64.73,334.5,315.26,0.9177,0
2179,114.19,65.12,334.7,315.35,0.9154,0
2180,113.2,63.75,334.7,315.5,0.9133,0
2181,114.2,63.77,334.47,315.3,0.9153,0
2182,113.96,63.68,334.18,315.66,0.914,0
2183,114.25,63.0,333.65,316.0,0.9142,0
2184,115.0,62.93,334.58,316.01,0.9138,0
2185,114.14,63.01,333.76,315.91,0.9113,0
2186,114.13,62.71,333.8,315.78,0.9132,0
2187,113.95,62.62,334.03,315.46,0.9108,0
2188,113.28,62.83,333.73,315.69,0.9115,0
2189,112.8,62.54,333.43,315.99,0.9095,0
2190,114.87,62.33,333.51,315.6,0.9156,0
2191,114.72,61.85,333.47,315.66,0.9141,0
2192,114.54,61.85,333.33,316.03,0.9151,0
2193,112.75,61.86,333.12,315.71,0.9136,0
2194,112.99,61.02,332.92,315.72,0.9132,0
2195,110.72,60.4,333.01,315.42,0.9114,0
2196,110.54,60.09,332.91,315.4,0.9113,0
2197,110.69,60.44,333.06,315.53,0.9123,0
2198,109.95,60.47,332.98,315.37,0.9124,0
2199,109.58,60.3,332.86,315.62,0.9115,0
2200,109.58,60.33,333.08,315.67,0.9122,0
2201,109.87,60.29,333.05,315.54,0.9131,0
2202,109.69,60.28,332.93,315.39,0.9142,0
2203,109.73,59.81,333.14,315.33,0.914,0
2204,109.89,59.81,333.06,315.42,0.9147,0
2205,109.75,60.14,332.84,315.03,0.9152,0
2206,110.05,60.3,332.17,314.99,0.9156,0
2207,110.21,60.39,332.14,315.1,0.9161,0
2208,110.23,60.41,332.14,315.1,0.9159,0
2209,109.75,60.3,332.04,315.07,0.9145,0
2210,110.11,60.24,331.95,315.34,0.9146,0
2211,109.96,60.37,330.67,315.52,0.9131,0
2212,109.89,59.89,329.57,315.56,0.9106,0
2213,110.61,59.95,330.54,316.0,0.9107,0
2214,110.53,59.93,329.74,315.89,0.9107,0
2215,110.43,59.98,329.99,315.95,0.91,0
2216,110.31,60.2,331.17,316.08,0.9121,0
2217,110.29,59.88,330.12,316.06,0.9098,0
2218,110.68,59.92,331.97,316.29,0.9091,0
2219,110.2,59.99,331.09,316.08,0.9088,0
2220,110.32,59.94,330.76,316.12,0.9096,0
2221,111.19,59.95,332.73,316.53,0.9073,0
2222,111.38,59.94,332.71,316.58,0.9071,0
2223,111.45,59.93,332.72,316.62,0.9066,0
2224,110.72,60.39,330.73,316.48,0.9001,0
2225,110.4,60.51,332.3,316.61,0.9074,0
2226,111.14,60.47,331.02,316.35,0.9008,0
2227,110.47,60.61,331.48,316.56,0.9005,0
2228,110.93,60.73,330.85,316.34,0.8995,0
2229,110.77,60.75,328.1,316.25,0.8963,0
2230,111.11,60.92,326.26,315.99,0.8916,0
2231,111.15,61.16,325.68,315.93,0.8909,0
2232,111.93,60.95,324.91,315.69,0.8912,0
2233,112.97,61.25,332.97,314.85,0.913,0
2234,113.7,60.87,332.88,314.79,0.9123,0
2235,113.33,60.98,332.81,314.86,0.9124,0
2236,112.95,61.56,332.87,314.9,0.9126,0
2237,113.58,61.52,332.8,314.84,0.9133,0
2238,113.83,61.29,332.82,314.31,0.9153,0
2239,114.71,61.5,332.81,314.48,0.9156,0
2240,113.67,61.34,333.17,314.81,0.9147,0
2241,113.77,61.38,333.46,314.95,0.9171,0
2242,113.89,61.56,333.49,314.68,0.9174,0
2243,114.39,61.78,333.78,314.7,0.9177,0
2244,114.4,61.61,333.35,314.34,0.9171,0
2245,114.42,61.73,333.34,314.31,0.9172,0
2246,114.77,61.31,333.1,314.9,0.9153,0
2247,116.07,60.43,333.27,314.78,0.9163,0
2248,116.54,60.16,333.18,314.6,0.9183,0
2249,116.72,59.69,333.22,314.56,0.9176,0
2250,117.23,59.18,332.89,314.53,0.9182,0
2251,117.42,59.12,332.58,314.57,0.9172,0
2252,117.37,57.76,332.41,314.53,0.912,0
2253,117.49,57.74,332.96,314.5,0.9146,0
2254,117.22,57.18,331.35,314.45,0.9058,0
2255,117.6,57.07,333.0,315.04,0.9094,0
2256,117.43,57.01,315.17,313.77,0.9035,0
2257,117.37,57.23,313.75,313.8,0.9057,0
2258,117.46,56.8,319.44,314.1,0.9029,0
2259,117.88,56.98,327.23,314.2,0.9017,0
2260,117.99,56.62,318.66,314.26,0.9026,0
2261,117.73,56.92,328.47,314.26,0.9008,0
2262,117.97,56.77,332.62,314.37,0.9022,0
2263,118.23,56.81,336.91,314.61,0.9025,0
2264,118.46,57.07,336.27,314.72,0.9056,0
2265,118.54,56.42,333.81,314.24,0.9083,0
2266,117.85,56.3,330.4,314.38,0.905,0
2267,118.33,56.59,333.79,314.14,0.9087,0
2268,118.2,56.61,334.62,314.29,0.9091,0
2269,117.7,56.91,335.74,314.17,0.9043,0
2270,118.41,56.57,334.28,313.82,0.9069,0
2271,119.37,56.58,333.93,313.69,0.9121,0
2272,119.43,56.26,336.97,314.24,0.9139,0
2273,119.41,56.59,338.15,314.69,0.9149,0
2274,119.08,57.17,338.9,314.62,0.9153,0
2275,119.31,57.34,339.42,314.86,0.9175,0
2276,119.36,57.31,337.99,315.19,0.9172,0
2277,119.51,56.89,337.17,315.07,0.9197,0
2278,119.48,57.21,336.97,314.94,0.9204,0
2279,119.71,57.13,336.26,314.85,0.9212,0
2280,120.07,57.87,336.85,314.58,0.9196,0
2281,120.15,57.49,336.76,314.47,0.9219,0
2282,119.92,57.39,336.93,314.48,0.9202,0
2283,120.03,57.47,337.19,314.41,0.9201,0
2284,120.01,57.29,337.08,314.38,0.9188,0
2285,120.01,56.44,337.31,314.14,0.9186,0
2286,120.01,56.62,337.36,314.1,0.9174,0
2287,120.08,56.43,336.84,314.15,0.9179,0
2288,119.99,56.38,337.24,314.17,0.919,0
2289,120.04,56.67,337.31,314.06,0.92,0
2290,120.02,56.41,337.16,314.08,0.9198,0
2291,119.99,55.53,336.9,314.46,0.9195,0
2292,119.91,55.78,337.58,314.14,0.9194,0
2293,119.97,55.71,337.28,314.6,0.9195,0
2294,120.07,55.72,337.12,314.48,0.9207,0
2295,120.0,55.6,337.09,314.16,0.9209,0
2296,119.97,55.78,337.65,314.04,0.9212,0
2297,119.78,55.96,337.25,313.72,0.9211,0
2298,119.86,55.69,337.36,313.68,0.9207,0
2299,119.89,55.39,337.28,313.69,0.9204,0
2300,119.95,55.9,337.27,313.36,0.9209,0
2301,119.34,55.72,336.59,313.04,0.9195,0
2302,119.28,55.72,336.94,312.72,0.9191,0
2303,118.94,55.49,337.22,312.78,0.9179,0
2304,119.34,55.64,336.96,312.05,0.9171,0
2305,119.12,55.66,336.76,311.86,0.9173,0
2306,118.68,55.26,336.08,311.06,0.9113,0
2307,118.56,55.85,335.21,310.89,0.9087,0
2308,117.88,55.57,334.49,310.96,0.9035,0
2309,117.61,55.5,332.14,310.45,0.8979,0
2310,117.36,55.35,325.19,310.1,0.8955,0
2311,117.16,55.79,334.24,311.95,0.9099,0
2312,117.42,56.04,333.09,311.85,0.9107,0
2313,117.03,55.92,330.98,311.81,0.9048,0
2314,117.0,55.76,330.74,311.83,0.9041,0
2315,116.99,55.85,332.48,312.54,0.9081,0
2316,116.93,56.53,332.82,313.39,0.9139,0
2317,116.62,56.34,332.67,313.17,0.9163,0
2318,116.83,56.32,333.1,313.77,0.9149,0
2319,115.75,56.27,333.67,314.83,0.9157,0
2320,115.13,56.06,333.93,314.73,0.9153,0
2321,115.1,56.3,333.97,314.99,0.9126,0
2322,115.68,56.26,333.93,314.86,0.9152,0
2323,115.03,56.21,333.5,315.48,0.9157,0
2324,114.43,56.14,332.74,315.26,0.9175,0
2325,113.93,56.36,332.83,315.36,0.9169,0
2326,113.77,56.49,333.07,315.46,0.9162,0
2327,114.38,56.28,333.05,315.49,0.9162,0
2328,114.99,56.67,333.22,315.4,0.9129,0
2329,114.73,56.63,333.05,315.35,0.9132,0
2330,114.24,56.79,333.84,316.23,0.9134,0
2331,114.2,56.75,334.08,316.03,0.915,0
2332,114.3,57.19,334.16,315.93,0.9146,0
2333,113.65,57.04,334.56,316.08,0.9117,0
2334,113.88,57.05,334.62,316.22,0.9118,0
2335,113.05,56.75,334.2,316.32,0.9138,0
2336,112.99,57.02,334.99,316.13,0.9115,0
2337,112.26,56.92,334.8,316.25,0.9118,0
2338,112.36,57.22,335.16,316.39,0.9098,0
2339,112.31,57.3,335.18,316.39,0.9099,0
2340,112.27,57.34,334.91,316.18,0.9106,0
2341,112.32,57.24,335.17,316.24,0.9089,0
2342,112.49,57.41,335.23,316.26,0.9098,0
2343,112.49,57.39,335.49,316.38,0.9096,0
2344,112.59,57.52,335.62,316.24,0.9084,0
2345,112.65,57.65,335.6,316.18,0.9079,0
2346,112.72,57.45,335.33,316.22,0.9053,0
2347,112.62,57.51,335.74,316.08,0.907,0
2348,112.33,57.34,335.44,316.16,0.9054,0
2349,112.46,57.43,335.15,316.2,0.9054,0
